yago,"http://yago-knowledge.org/resource/"
rdf,"http://www.w3.org/1999/02/22-rdf-syntax-ns#"
foaf,"http://xmlns.com/foaf/0.1/"
dbp,"http://dbpedia.org/property/"
dbo,"http://dbpedia.org/ontology/"
rdfs,"http://www.w3.org/2000/01/rdf-schema#"
dc,"http://purl.org/dc/elements/1.1/"
owl,"http://www.w3.org/2002/07/owl#"
geo,"http://www.w3.org/2003/01/geo/wgs84_pos#"
skos,"http://www.w3.org/2004/02/skos/core#"
ont,"http://purl.org/net/ns/ontology-annot#"
gr,"http://purl.org/goodrelations/v1#"
onto,"http://www.ontotext.com/"
sioc,"http://rdfs.org/sioc/ns#"
rss,"http://purl.org/rss/1.0/"
xsd,"http://www.w3.org/2001/XMLSchema#"
gldp,"http://www.w3.org/ns/people#"
org,"http://www.w3.org/ns/org#"
spacerel,"http://data.ordnancesurvey.co.uk/ontology/spatialrelations/"
qb,"http://purl.org/linked-data/cube#"
prov,"http://www.w3.org/ns/prov#"
dcat,"http://www.w3.org/ns/dcat#"
dcterms,"http://purl.org/dc/terms/"
fb,"http://rdf.freebase.com/ns/"
geonames,"http://www.geonames.org/ontology#"
sc,"http://purl.org/science/owl/sciencecommons/"
bibo,"http://purl.org/ontology/bibo/"
sd,"http://www.w3.org/ns/sparql-service-description#"
md,"http://www.w3.org/ns/md#"
commerce,"http://search.yahoo.com/searchmonkey/commerce/"
dct,"http://purl.org/dc/terms/"
dbpedia,"http://dbpedia.org/resource/"
swrc,"http://swrc.ontoware.org/ontology#"
vcard,"http://www.w3.org/2006/vcard/ns#"
event,"http://purl.org/NET/c4dm/event.owl#"
dbpprop,"http://dbpedia.org/property/"
dcmit,"http://purl.org/dc/dcmitype/"
rr,"http://www.w3.org/ns/r2rml#"
pto,"http://www.productontology.org/id/"
vann,"http://purl.org/vocab/vann/"
void,"http://rdfs.org/ns/void#"
akt,"http://www.aktors.org/ontology/portal#"
ma,"http://www.w3.org/ns/ma-ont#"
ex,"http://example.org/"
schema,"http://schema.org/"
content,"http://purl.org/rss/1.0/modules/content/"
swc,"http://data.semanticweb.org/ns/swc/ontology#"
fn,"http://www.w3.org/2005/xpath-functions#"
doap,"http://usefulinc.com/ns/doap#"
ical,"http://www.w3.org/2002/12/cal/ical#"
aiiso,"http://purl.org/vocab/aiiso/schema#"
cc,"http://creativecommons.org/ns#"
cyc,"http://sw.opencyc.org/concept/"
xhtml,"http://www.w3.org/1999/xhtml#"
wot,"http://xmlns.com/wot/0.1/"
http,"http://www.w3.org/2011/http#"
vs,"http://www.w3.org/2003/06/sw-vocab-status/ns#"
xtypes,"http://purl.org/xtypes/"
gen,"http://www.w3.org/2006/gen/ont#"
dbr,"http://dbpedia.org/resource/"
nie,"http://www.semanticdesktop.org/ontologies/2007/01/19/nie#"
mo,"http://purl.org/ontology/mo/"
dc11,"http://purl.org/dc/elements/1.1/"
oo,"http://purl.org/openorg/"
bio,"http://purl.org/vocab/bio/0.1/"
ad,"http://schemas.talis.com/2005/address/schema#"
bill,"http://www.rdfabout.com/rdf/schema/usbill/"
cv,"http://rdfs.org/resume-rdf/"
rel,"http://purl.org/vocab/relationship/"
d2rq,"http://www.wiwiss.fu-berlin.de/suhl/bizer/D2RQ/0.1#"
earl,"http://www.w3.org/ns/earl#"
test2,"http://this.invalid/test2#"
og,"http://opengraphprotocol.org/schema/"
air,"http://dig.csail.mit.edu/TAMI/2007/amord/air#"
daia,"http://purl.org/ontology/daia/"
factbook,"http://wifo5-04.informatik.uni-mannheim.de/factbook/ns#"
admin,"http://webns.net/mvcb/"
co,"http://rhizomik.net/ontologies/copyrightonto.owl#"
media,"http://search.yahoo.com/searchmonkey/media/"
log,"http://www.w3.org/2000/10/swap/log#"
rdfg,"http://www.w3.org/2004/03/trix/rdfg-1/"
biblio,"http://purl.org/net/biblio#"
ctag,"http://commontag.org/ns#"
book,"http://purl.org/NET/book/vocab#"
tag,"http://www.holygoat.co.uk/owl/redwood/0.1/tags/"
botany,"http://purl.org/NET/biol/botany#"
days,"http://ontologi.es/days#"
musim,"http://purl.org/ontology/similarity/"
tzont,"http://www.w3.org/2006/timezone#"
cs,"http://purl.org/vocab/changeset/schema#"
dir,"http://schemas.talis.com/2005/dir/schema#"
pc,"http://purl.org/procurement/public-contracts#"
afn,"http://jena.hpl.hp.com/ARQ/function#"
dv,"http://rdf.data-vocabulary.org/#"
cal,"http://www.w3.org/2002/12/cal/ical#"
reco,"http://purl.org/reco#"
ir,"http://www.ontologydesignpatterns.org/cp/owl/informationrealization.owl#"
osag,"http://www.ordnancesurvey.co.uk/ontology/AdministrativeGeography/v2.0/AdministrativeGeography.rdf#"
cmp,"http://www.ontologydesignpatterns.org/cp/owl/componency.owl#"
xfn,"http://gmpg.org/xfn/11#"
af,"http://purl.org/ontology/af/"
dcq,"http://purl.org/dc/qualifiers/1.0/"
cld,"http://purl.org/cld/terms/"
ome,"http://purl.org/ontomedia/core/expression#"
xs,"http://www.w3.org/2001/XMLSchema#"
xhv,"http://www.w3.org/1999/xhtml/vocab#"
rev,"http://purl.org/stuff/rev#"
rif,"http://www.w3.org/2007/rif#"
mu,"http://mu.semte.ch/vocabularies/core/"
sr,"http://www.openrdf.org/config/repository/sail#"
myspace,"http://purl.org/ontology/myspace#"
lomvoc,"http://ltsc.ieee.org/rdf/lomv1p0/vocabulary#"
sism,"http://purl.oclc.org/NET/sism/0.1/"
con,"http://www.w3.org/2000/10/swap/pim/contact#"
memo,"http://ontologies.smile.deri.ie/2009/02/27/memo#"
crm,"http://www.cidoc-crm.org/cidoc-crm/"
giving,"http://ontologi.es/giving#"
cfp,"http://sw.deri.org/2005/08/conf/cfp.owl#"
ok,"http://okkam.org/terms#"
swande,"http://purl.org/swan/1.2/discourse-elements/"
swanq,"http://purl.org/swan/1.2/qualifiers/"
dcn,"http://www.w3.org/2007/uwa/context/deliverycontext.owl#"
owlim,"http://www.ontotext.com/trree/owlim#"
gn,"http://www.geonames.org/ontology#"
math,"http://www.w3.org/2000/10/swap/math#"
xf,"http://www.w3.org/2002/xforms/"
swrcfe,"http://www.morelab.deusto.es/ontologies/swrcfe#"
jdbc,"http://d2rq.org/terms/jdbc/"
time,"http://www.w3.org/2006/time#"
as,"http://www.w3.org/ns/activitystreams#"
type,"http://info.deepcarbon.net/schema/type#"
swrl,"http://www.w3.org/2003/11/swrl#"
frbr,"http://purl.org/vocab/frbr/core#"
swrlb,"http://www.w3.org/2003/11/swrlb#"
dcterm,"http://purl.org/dc/terms/"
drugbank,"http://www4.wiwiss.fu-berlin.de/drugbank/resource/drugbank/"
cert,"http://www.w3.org/ns/auth/cert#"
marcrel,"http://id.loc.gov/vocabulary/relators/"
tl,"http://purl.org/NET/c4dm/timeline.owl#"
voaf,"http://purl.org/vocommons/voaf#"
sioct,"http://rdfs.org/sioc/types#"
prog,"http://purl.org/prog/"
ac,"http://umbel.org/umbel/ac/"
sf,"http://www.opengis.net/ont/sf#"
nfo,"http://www.semanticdesktop.org/ontologies/2007/03/22/nfo#"
adms,"http://www.w3.org/ns/adms#"
cnt,"http://www.w3.org/2011/content#"
omn,"http://open-multinet.info/ontology/omn#"
ov,"http://open.vocab.org/terms/"
geosparql,"http://www.opengis.net/ont/geosparql#"
rsa,"http://www.w3.org/ns/auth/rsa#"
movie,"http://data.linkedmdb.org/resource/movie/"
sider,"http://www4.wiwiss.fu-berlin.de/sider/resource/sider/"
wn20schema,"http://www.w3.org/2006/03/wn/wn20/schema/"
oa,"http://www.w3.org/ns/oa#"
isbd,"http://iflastandards.info/ns/isbd/elements/"
akts,"http://www.aktors.org/ontology/support#"
db,"http://dbpedia.org/"
acc,"http://purl.org/NET/acc#"
prism,"http://prismstandard.org/namespaces/basic/2.0/"
acm,"http://www.rkbexplorer.com/ontologies/acm#"
lgd,"http://linkedgeodata.org/triplify/"
loc,"http://www.w3.org/2007/uwa/context/location.owl#"
wn,"http://xmlns.com/wordnet/1.6/"
service,"http://purl.org/ontology/service#"
test,"http://test2.example.com/"
madsrdf,"http://www.loc.gov/mads/rdf/v1#"
bf,"http://bibframe.org/vocab/"
sdmx,"http://purl.org/linked-data/sdmx#"
ore,"http://www.openarchives.org/ore/terms/"
uniprot,"http://purl.uniprot.org/core/"
po,"http://purl.org/ontology/po/"
ignf,"http://data.ign.fr/def/ignf#"
ldp,"http://www.w3.org/ns/ldp#"
prv,"http://purl.org/net/provenance/ns#"
unit,"http://qudt.org/vocab/unit#"
dcam,"http://purl.org/dc/dcam/"
daml,"http://www.daml.org/2001/03/daml+oil#"
ptr,"http://www.w3.org/2009/pointers#"
core,"http://vivoweb.org/ontology/core#"
eg,"http://eulergui.sourceforge.net/engine.owl#"
zoology,"http://purl.org/NET/biol/zoology#"
space,"http://purl.org/net/schemas/space/"
granatum,"http://chem.deri.ie/granatum/"
room,"http://vocab.deri.ie/rooms#"
ndl,"http://schemas.ogf.org/nml/2013/05/base#"
dbpediaowl,"http://dbpedia.org/owl/"
pr,"http://purl.org/ontology/prv/core#"
lode,"http://linkedevents.org/ontology/"
abc,"http://www.metadata.net/harmony/ABCSchemaV5Commented.rdf#"
music,"http://musicontology.com/"
biocore,"http://bio2rdf.org/core#"
pmlj,"http://inference-web.org/2.0/pml-justification.owl#"
scovo,"http://purl.org/NET/scovo#"
acl,"http://www.w3.org/ns/auth/acl#"
sp,"http://spinrdf.org/sp#"
nsogi,"http://prefix.cc/nsogi:"
formats,"http://www.w3.org/ns/formats/"
wo,"http://purl.org/ontology/wo/"
java,"http://www.w3.org/2007/uwa/context/java.owl#"
link,"http://www.w3.org/2006/link#"
umbel,"http://umbel.org/umbel#"
dul,"http://www.ontologydesignpatterns.org/ont/dul/DUL.owl#"
mit,"http://purl.org/ontology/mo/mit#"
omt,"http://purl.org/ontomedia/ext/common/trait#"
skosxl,"http://www.w3.org/2008/05/skos-xl#"
dce,"http://purl.org/dc/elements/1.1/"
protege,"http://protege.stanford.edu/system#"
cito,"http://purl.org/spar/cito/"
ssn,"http://purl.oclc.org/NET/ssnx/ssn#"
atom,"http://www.w3.org/2005/Atom/"
politico,"http://www.rdfabout.com/rdf/schema/politico/"
ya,"http://blogs.yandex.ru/schema/foaf/"
oauth,"http://demiblog.org/vocab/oauth#"
fresnel,"http://www.w3.org/2004/09/fresnel#"
user,"http://schemas.talis.com/2005/user/schema#"
swid,"http://semanticweb.org/id/"
whois,"http://www.kanzaki.com/ns/whois#"
admingeo,"http://data.ordnancesurvey.co.uk/ontology/admingeo/"
compass,"http://purl.org/net/compass#"
doc,"http://www.w3.org/2000/10/swap/pim/doc#"
lyou,"http://purl.org/linkingyou/"
lv,"http://purl.org/lobid/lv#"
fabio,"http://purl.org/spar/fabio/"
ti,"http://www.ontologydesignpatterns.org/cp/owl/timeinterval.owl#"
spin,"http://spinrdf.org/spin#"
rnews,"http://iptc.org/std/rNews/2011-10-07#"
scot,"http://rdfs.org/scot/ns#"
omb,"http://purl.org/ontomedia/ext/common/being#"
tmo,"http://www.semanticdesktop.org/ontologies/2008/05/20/tmo#"
bibtex,"http://purl.oclc.org/NET/nknouf/ns/bibtex#"
dctype,"http://purl.org/dc/dcmitype/"
usgov,"http://www.rdfabout.com/rdf/schema/usgovt/"
courseware,"http://courseware.rkbexplorer.com/ontologies/courseware#"
atomix,"http://buzzword.org.uk/rdf/atomix#"
chord,"http://purl.org/ontology/chord/"
exif,"http://www.w3.org/2003/12/exif/ns#"
bio2rdf,"http://bio2rdf.org/"
rep,"http://www.openrdf.org/config/repository#"
taxo,"http://purl.org/rss/1.0/modules/taxonomy/"
fec,"http://www.rdfabout.com/rdf/schema/usfec/"
dblp,"http://dblp.uni-trier.de/rdf/schema-2015-01-26#"
rec,"http://purl.org/ontology/rec/core#"
ecs,"http://rdf.ecs.soton.ac.uk/ontology/ecs#"
irw,"http://www.ontologydesignpatterns.org/ont/web/irw.owl#"
gd,"http://rdf.data-vocabulary.org/#"
iswc,"http://annotation.semanticweb.org/2004/iswc#"
wdrs,"http://www.w3.org/2007/05/powder-s#"
dailymed,"http://www4.wiwiss.fu-berlin.de/dailymed/resource/dailymed/"
doac,"http://ramonantonio.net/doac/0.1/#"
audio,"http://purl.org/media/audio#"
go,"http://purl.org/obo/owl/GO#"
powder,"http://www.w3.org/2007/05/powder#"
imm,"http://schemas.microsoft.com/imm/"
dbprop,"http://dbpedia.org/property/"
nco,"http://www.semanticdesktop.org/ontologies/2007/03/22/nco#"
lfn,"http://www.dotnetrdf.org/leviathan#"
climb,"http://climb.dataincubator.org/vocabs/climb/"
irrl,"http://www.ontologydesignpatterns.org/cp/owl/informationobjectsandrepresentationlanguages.owl#"
opm,"http://openprovenance.org/ontology#"
hcterms,"http://purl.org/uF/hCard/terms/"
os,"http://www.w3.org/2000/10/swap/os#"
rei,"http://www.w3.org/2004/06/rei#"
copyright,"http://rhizomik.net/ontologies/copyrightonto.owl#"
vote,"http://www.rdfabout.com/rdf/schema/vote/"
resource,"http://purl.org/vocab/resourcelist/schema#"
affy,"http://www.affymetrix.com/community/publications/affymetrix/tmsplice#"
kb,"http://deductions.sf.net/ontology/knowledge_base.owl#"
kwijibo,"http://kwijibo.talis.com/"
coref,"http://www.rkbexplorer.com/ontologies/coref#"
nrl,"http://www.semanticdesktop.org/ontologies/2007/08/15/nrl#"
prj,"http://purl.org/stuff/project/"
meteo,"http://purl.org/ns/meteo#"
contact,"http://www.w3.org/2000/10/swap/pim/contact#"
wordmap,"http://purl.org/net/ns/wordmap#"
sesame,"http://www.openrdf.org/schema/sesame#"
ddc,"http://purl.org/NET/decimalised#"
biol,"http://purl.org/NET/biol/ns#"
resist,"http://www.rkbexplorer.com/ontologies/resist#"
eztag,"http://ontologies.ezweb.morfeo-project.org/eztag/ns#"
label,"http://purl.org/net/vocab/2004/03/label#"
nao,"http://www.semanticdesktop.org/ontologies/2007/08/15/nao#"
p3p,"http://www.w3.org/2002/01/p3prdfv1#"
resex,"http://resex.rkbexplorer.com/ontologies/resex#"
lx,"http://purl.org/NET/lx#"
lfm,"http://purl.org/ontology/last-fm/"
geoes,"http://geo.linkeddata.es/ontology/"
nexif,"http://www.semanticdesktop.org/ontologies/2007/05/10/nexif#"
opensearch,"http://a9.com/-/spec/opensearch/1.1/"
code,"http://telegraphis.net/ontology/measurement/code#"
hard,"http://www.w3.org/2007/uwa/context/hardware.owl#"
gpt,"http://purl.org/vocab/riro/gpt#"
sec,"https://w3id.org/security#"
meetup,"http://www.lotico.com/meetup/"
omc,"http://purl.org/ontomedia/ext/common/bestiary#"
sdl,"http://purl.org/vocab/riro/sdl#"
hlisting,"http://sindice.com/hlisting/0.1/"
money,"http://purl.org/net/rdf-money/"
wgs84,"http://www.w3.org/2003/01/geo/wgs84_pos#"
swivt,"http://semantic-mediawiki.org/swivt/1.0#"
nmo,"http://www.semanticdesktop.org/ontologies/2007/03/22/nmo#"
swandr,"http://purl.org/swan/1.2/discourse-relationships/"
food,"http://purl.org/foodontology#"
so,"http://purl.org/ontology/symbolic-music/"
prissma,"http://ns.inria.fr/prissma/v1#"
xro,"http://purl.org/xro/ns#"
wv,"http://vocab.org/waiver/terms/"
sparql,"http://ontologi.es/sparql#"
gold,"http://purl.org/linguistics/gold/"
spl,"http://spinrdf.org/spl#"
myspo,"http://purl.org/ontology/myspace#"
video,"http://purl.org/media/video#"
cycann,"http://sw.cyc.com/CycAnnotations_v1#"
ngeo,"http://geovocab.org/geometry#"
ire,"http://www.ontologydesignpatterns.org/cpont/ire.owl#"
sede,"http://eventography.org/sede/0.1/"
doclist,"http://www.junkwork.net/xml/DocumentList#"
rdfa,"http://www.w3.org/ns/rdfa#"
aat,"http://vocab.getty.edu/aat/"
am,"http://vocab.deri.ie/am#"
cco,"http://purl.org/ontology/cco/core#"
xhe,"http://buzzword.org.uk/rdf/xhtml-elements#"
ddl,"http://purl.org/vocab/riro/ddl#"
obj,"http://www.openrdf.org/rdf/2009/object#"
swanqs,"http://purl.org/swan/1.2/qualifiers/"
lifecycle,"http://purl.org/vocab/lifecycle/schema#"
xen,"http://buzzword.org.uk/rdf/xen#"
lastfm,"http://purl.org/ontology/last-fm/"
lang,"http://ontologi.es/lang/core#"
pmlp,"http://inference-web.org/2.0/pml-provenance.owl#"
lingvoj,"http://www.lingvoj.org/ontology#"
sit,"http://www.ontologydesignpatterns.org/cp/owl/situation.owl#"
ne,"http://umbel.org/umbel/ne/"
spc,"http://purl.org/ontomedia/core/space#"
tags,"http://www.holygoat.co.uk/owl/redwood/0.1/tags/"
web,"http://www.w3.org/2007/uwa/context/web.owl#"
smiley,"http://www.smileyontology.com/ns#"
es,"http://eulersharp.sourceforge.net/2003/03swap/log-rules#"
moat,"http://moat-project.org/ns#"
custom,"http://www.openrdf.org/config/sail/custom#"
oc,"http://opencoinage.org/rdf/"
omp,"http://purl.org/ontomedia/ext/common/profession#"
scv,"http://purl.org/NET/scovo#"
sim,"http://purl.org/ontology/similarity/"
phss,"http://ns.poundhill.com/phss/1.0/"
like,"http://ontologi.es/like#"
sail,"http://www.openrdf.org/config/sail#"
swp,"http://www.w3.org/2004/03/trix/swp-2/"
sv,"http://schemas.talis.com/2005/service/schema#"
opo,"http://online-presence.net/opo/ns#"
smf,"http://topbraid.org/sparqlmotionfunctions#"
swh,"http://plugin.org.uk/swh-plugins/"
common,"http://www.w3.org/2007/uwa/context/common.owl#"
pmt,"http://tipsy.googlecode.com/svn/trunk/vocab/pmt#"
net,"http://www.w3.org/2007/uwa/context/network.owl#"
ao,"http://purl.org/ontology/ao/core#"
bsbm,"http://www4.wiwiss.fu-berlin.de/bizer/bsbm/v01/vocabulary/"
ezcontext,"http://ontologies.ezweb.morfeo-project.org/ezcontext/ns#"
c4n,"http://vocab.deri.ie/c4n#"
qdoslf,"http://foaf.qdos.com/lastfm/schema/"
product,"http://purl.org/commerce/product#"
dummy,"http://hello.com/"
dady,"http://purl.org/NET/dady#"
dcmitype,"http://purl.org/dc/dcmitype/"
grddl,"http://www.w3.org/2003/g/data-view#"
fed,"http://www.openrdf.org/config/sail/federation#"
ct,"http://data.linkedct.org/resource/linkedct/"
edm,"http://www.europeana.eu/schemas/edm/"
bib,"http://zeitkunst.org/bibtex/0.1/bibtex.owl#"
xl,"http://langegger.at/xlwrap/vocab#"
wdr,"http://www.w3.org/2007/05/powder#"
mysql,"http://web-semantics.org/ns/mysql/"
tripfs,"http://purl.org/tripfs/2010/02#"
lotico,"http://www.lotico.com/resource/"
h5,"http://buzzword.org.uk/rdf/h5#"
ncal,"http://www.semanticdesktop.org/ontologies/2007/04/02/ncal#"
tio,"http://purl.org/tio/ns#"
trackback,"http://madskills.com/public/xml/rss/module/trackback/"
omm,"http://purl.org/ontomedia/core/media#"
ibis,"http://purl.org/ibis#"
crypto,"http://www.w3.org/2000/10/swap/crypto#"
nid3,"http://www.semanticdesktop.org/ontologies/2007/05/10/nid3#"
lom,"http://ltsc.ieee.org/rdf/lomv1p0/lom#"
ping,"http://purl.org/net/pingback/"
nif,"http://persistence.uni-leipzig.org/nlp2rdf/ontologies/nif-core#"
swanco,"http://purl.org/swan/1.2/swan-commons/"
pmlr,"http://inference-web.org/2.0/pml-relation.owl#"
tdb,"http://jena.hpl.hp.com/2008/tdb#"
mf,"http://www.w3.org/2001/sw/DataAccess/tests/test-manifest#"
b2bo,"http://purl.org/b2bo#"
frbre,"http://purl.org/vocab/frbr/extended#"
ttl,"http://www.w3.org/2008/turtle#"
xforms,"http://www.w3.org/2002/xforms/"
psych,"http://purl.org/vocab/psychometric-profile/"
wnschema,"http://www.cogsci.princeton.edu/~wn/schema/"
meta,"http://www.openrdf.org/rdf/2009/metadata#"
lt,"http://diplomski.nelakolundzija.org/LTontology.rdf#"
conserv,"http://conserv.deri.ie/ontology#"
airport,"http://www.daml.org/2001/10/html/airport-ont#"
push,"http://www.w3.org/2007/uwa/context/push.owl#"
gob,"http://purl.org/ontology/last-fm/"
freebase,"http://rdf.freebase.com/ns/"
biopax,"http://www.biopax.org/release/biopax-level3.owl#"
aifb,"http://www.aifb.kit.edu/id/"
evset,"http://dsnotify.org/vocab/eventset/0.1/"
umbelrc,"http://umbel.org/umbel/rc/"
states,"http://www.w3.org/2005/07/aaa#"
sawsdl,"http://www.w3.org/ns/sawsdl#"
gso,"http://www.w3.org/2006/gen/ont#"
puc,"http://purl.org/NET/puc#"
httph,"http://www.w3.org/2007/ont/httph#"
profiling,"http://ontologi.es/profiling#"
sport,"http://www.bbc.co.uk/ontologies/sport/"
ldap,"http://purl.org/net/ldap/"
game,"http://data.totl.net/game/"
bookmark,"http://www.w3.org/2002/01/bookmark#"
awol,"http://bblfish.net/work/atom-owl/2006-06-06/#"
string,"http://www.w3.org/2000/10/swap/string#"
icaltzd,"http://www.w3.org/2002/12/cal/icaltzd#"
ref,"http://purl.org/vocab/relationship/"
qudt,"http://qudt.org/1.1/schema/qudt#"
osoc,"http://web-semantics.org/ns/opensocial#"
site,"http://ns.ontowiki.net/SysOnt/Site/"
lark1,"http://users.utcluj.ro/~raluca/ontology/Ontology1279614123500.owl#"
sml,"http://topbraid.org/sparqlmotionlib#"
wgs,"http://www.w3.org/2003/01/geo/wgs84_pos#"
dbpp,"http://dbpedia.org/property/"
interval,"http://reference.data.gov.uk/def/intervals/"
sm,"http://topbraid.org/sparqlmotion#"
geographis,"http://telegraphis.net/ontology/geography/geography#"
osgb,"http://data.ordnancesurvey.co.uk/id/"
timeline,"http://purl.org/NET/c4dm/timeline.owl#"
okkam,"http://models.okkam.org/ENS-core-vocabulary#"
anca,"http://users.utcluj.ro/~raluca/rdf_ontologies_ralu/ralu_modified_ontology_pizzas2_0#"
coin,"http://purl.org/court/def/2009/coin#"
isi,"http://purl.org/ontology/is/inst/"
library,"http://purl.org/library/"
ist,"http://purl.org/ontology/is/types/"
list,"http://www.w3.org/2000/10/swap/list#"
conv,"http://purl.org/twc/vocab/conversion/"
postcode,"http://data.ordnancesurvey.co.uk/id/postcodeunit/"
acco,"http://purl.org/acco/ns#"
plink,"http://buzzword.org.uk/rdf/personal-link-types#"
disco,"http://rdf-vocabulary.ddialliance.org/discovery#"
xhtmlvocab,"http://www.w3.org/1999/xhtml/vocab/"
oat,"http://openlinksw.com/schemas/oat/"
urn,"http://fliqz.com/"
opus,"http://lsdis.cs.uga.edu/projects/semdis/opus#"
ro,"http://purl.org/wf4ever/ro#"
sysont,"http://ns.ontowiki.net/SysOnt/"
swanci,"http://purl.org/swan/1.2/citations/"
swanpav,"http://purl.org/swan/1.2/pav/"
lgdo,"http://linkedgeodata.org/ontology/"
openlinks,"http://www.openlinksw.com/schemas/virtrdf#"
ps,"https://w3id.org/payswarm#"
act,"http://www.w3.org/2007/rif-builtin-action#"
imreg,"http://www.w3.org/2004/02/image-regions#"
georss,"http://www.georss.org/georss/"
sioca,"http://rdfs.org/sioc/actions#"
rulz,"http://purl.org/NET/rulz#"
lemon,"http://lemon-model.net/lemon#"
sio,"http://semanticscience.org/resource/"
uri,"http://purl.org/NET/uri#"
play,"http://uriplay.org/spec/ontology/#"
cpv,"http://purl.org/weso/cpv/"
pgterms,"http://www.gutenberg.org/2009/pgterms/"
ean,"http://openean.kaufkauf.net/id/"
pimo,"http://www.semanticdesktop.org/ontologies/2007/11/01/pimo#"
soft,"http://www.w3.org/2007/uwa/context/software.owl#"
lp,"http://launchpad.net/rdf/launchpad#"
places,"http://purl.org/ontology/places#"
dnr,"http://www.dotnetrdf.org/configuration#"
wairole,"http://www.w3.org/2005/01/wai-rdf/GUIRoleTaxonomy#"
cdm,"http://purl.org/twc/ontology/cdm.owl#"
sco,"http://purl.org/ontology/sco#"
muto,"http://purl.org/muto/core#"
efo,"http://www.ebi.ac.uk/efo/"
drug,"http://www.agfa.com/w3c/2009/drugTherapy#"
wd,"http://www.wikidata.org/entity/"
httpvoc,"http://www.w3.org/2006/http#"
conversion,"http://purl.org/twc/vocab/conversion/"
xesam,"http://freedesktop.org/standards/xesam/1.0/core#"
remus,"http://www.semanticweb.org/ontologies/2010/6/Ontology1279614123500.owl#"
agents,"http://eulersharp.sourceforge.net/2003/03swap/agent#"
eu,"http://eulersharp.sourceforge.net/2003/03swap/log-rules#"
gnd,"http://d-nb.info/gnd/"
pdo,"http://ontologies.smile.deri.ie/pdo#"
pobo,"http://purl.obolibrary.org/obo/"
dwc,"http://rs.tdwg.org/dwc/terms/"
gml,"http://www.opengis.net/ont/gml#"
bif,"http://www.openlinksw.com/schemas/bif#"
arpfo,"http://vocab.ouls.ox.ac.uk/projectfunding#"
lvont,"http://lexvo.org/ontology#"
cgov,"http://reference.data.gov.uk/def/central-government/"
pmlt,"http://inference-web.org/2.0/pml-trust.owl#"
wisski,"http://wiss-ki.eu/"
cordis,"http://cordis.europa.eu/projects/"
eprints,"http://eprints.org/ontology/"
linkedct,"http://data.linkedct.org/vocab/"
ui,"http://www.w3.org/ns/ui#"
swanag,"http://purl.org/swan/1.2/agents/"
yoda,"http://purl.org/NET/yoda#"
prot,"http://www.proteinontology.info/po.owl#"
muo,"http://purl.oclc.org/NET/muo/muo#"
apivc,"http://purl.org/linked-data/api/vocab#"
rooms,"http://vocab.deri.ie/rooms#"
gridworks,"http://purl.org/net/opmv/types/gridworks#"
xbrli,"http://www.xbrl.org/2003/instance#"
evopat,"http://ns.aksw.org/Evolution/"
human,"http://eulersharp.sourceforge.net/2003/03swap/human#"
ass,"http://uptheasset.org/ontology#"
npg,"http://ns.nature.com/terms/"
txn,"http://lod.taxonconcept.org/ontology/txn.owl#"
status,"http://ontologi.es/status#"
phil,"http://philosurfical.open.ac.uk/ontology/philosurfical.owl#"
isq,"http://purl.org/ontology/is/quality/"
sl,"http://www.semanlink.net/2001/00/semanlink-schema#"
dayta,"http://dayta.me/resource#"
olo,"http://purl.org/ontology/olo/core#"
loticoowl,"http://www.lotico.com/ontology/"
session,"http://redfoot.net/2005/session#"
is,"http://purl.org/ontology/is/core#"
search,"http://sindice.com/vocab/search#"
geospecies,"http://rdf.geospecies.org/ont/geospecies#"
card,"http://www.ashutosh.com/test/"
languages,"http://eulersharp.sourceforge.net/2003/03swap/languages#"
dbc,"http://dbpedia.org/resource/Category:"
derecho,"http://purl.org/derecho#"
prvtypes,"http://purl.org/net/provenance/types#"
arch,"http://purl.org/archival/vocab/arch#"
tarot,"http://data.totl.net/tarot/card/"
rov,"http://www.w3.org/ns/regorg#"
address,"http://schemas.talis.com/2005/address/schema#"
pbo,"http://purl.org/ontology/pbo/core#"
dso,"http://purl.org/ontology/dso#"
dgfoaf,"http://west.uni-koblenz.de/ontologies/2010/07/dgfoaf.owl#"
agetec,"http://www.agetec.org/"
ceo,"http://www.ebusiness-unibw.org/ontologies/consumerelectronics/v1#"
oboro,"http://obofoundry.org/ro/ro.owl#"
itsrdf,"http://www.w3.org/2005/11/its/rdf#"
dbnary,"http://kaiko.getalp.org/dbnary#"
rail,"http://ontologi.es/rail/vocab#"
rdrel,"http://rdvocab.info/RDARelationshipsWEMI/"
enc,"http://www.w3.org/2001/04/xmlenc#"
opwn,"http://www.ontologyportal.org/WordNet.owl#"
vsr,"http://purl.org/twc/vocab/vsr#"
payment,"http://reference.data.gov.uk/def/payment#"
geodata,"http://sws.geonames.org/"
care,"http://eulersharp.sourceforge.net/2003/03swap/care#"
cube,"http://purl.org/linked-data/cube#"
vitro,"http://vitro.mannlib.cornell.edu/ns/vitro/public#"
person,"http://www.w3.org/ns/person#"
sindice,"http://vocab.sindice.net/"
opmv,"http://purl.org/net/opmv/ns#"
rdagr1,"http://rdvocab.info/Elements/"
dita,"http://purl.org/dita/ns#"
posh,"http://poshrdf.org/ns/posh/"
organism,"http://eulersharp.sourceforge.net/2003/03swap/organism#"
com,"http://purl.org/commerce#"
nsa,"http://multimedialab.elis.ugent.be/organon/ontologies/ninsuna#"
idemo,"http://rdf.insee.fr/def/demo#"
gv,"http://rdf.data-vocabulary.org/#"
w3p,"http://prov4j.org/w3p/"
bd,"http://www.bigdata.com/rdf#"
wlp,"http://weblab-project.org/core/model/property/processing/"
hemogram,"http://www.agfa.com/w3c/2009/hemogram#"
aair,"http://xmlns.notu.be/aair#"
kontakt,"http://richard.cyganiak.de/"
webtlab,"http://webtlab.it.uc3m.es/"
ero,"http://purl.obolibrary.org/obo/"
pml,"http://provenanceweb.org/ns/pml#"
gvp,"http://vocab.getty.edu/ontology#"
eco,"http://www.ebusiness-unibw.org/ontologies/eclass/5.1.4/#"
obo,"http://purl.obolibrary.org/obo/"
protons,"http://proton.semanticweb.org/2005/04/protons#"
viaf,"http://viaf.org/ontology/1.1/#"
cos,"http://www.inria.fr/acacia/corese#"
elog,"http://eulersharp.sourceforge.net/2003/03swap/log-rules#"
nndsr,"http://semanticdiet.com/schema/usda/nndsr/"
vso,"http://purl.org/vso/ns#"
xsl,"http://www.w3.org/1999/XSL/Transform#"
req,"http://purl.org/req/"
ann,"http://www.w3.org/2000/10/annotation-ns#"
wordnet,"http://purl.org/vocabularies/princeton/wordnet/schema#"
zbwext,"http://zbw.eu/namespaces/zbw-extensions/"
quak,"http://dev.w3.org/cvsweb/2000/quacken/vocab#"
fab,"http://purl.org/fab/ns#"
res,"http://www.w3.org/2005/sparql-results#"
linkedmdb,"http://data.linkedmdb.org/sparql/"
xfnv,"http://vocab.sindice.com/xfn#"
organiz,"http://eulersharp.sourceforge.net/2003/03swap/organization#"
wgspos,"http://www.w3.org/2003/01/geo/wgs84_pos#"
healthcare,"http://www.agfa.com/w3c/2009/healthCare#"
nt,"http://ns.inria.fr/nicetag/2010/09/09/voc#"
cmo,"http://purl.org/twc/ontologies/cmo.owl#"
pro,"http://purl.org/hpi/patchr#"
gsp,"http://www.opengis.net/ont/geosparql#"
gc,"http://www.oegov.org/core/owl/gc#"
ccom,"http://purl.org/ontology/cco/mappings#"
genab,"http://eulersharp.sourceforge.net/2003/03swap/genomeAbnormality#"
esd,"http://def.esd.org.uk/"
dgtwc,"http://data-gov.tw.rpi.edu/2009/data-gov-twc.rdf#"
mygrid,"http://www.mygrid.org.uk/ontology#"
datafaqs,"http://purl.org/twc/vocab/datafaqs#"
dnb,"http://d-nb.info/gnd/"
hydra,"http://www.w3.org/ns/hydra/core#"
example,"http://www.example.org/rdf#"
kdo,"http://kdo.render-project.eu/kdo#"
tgn,"http://vocab.getty.edu/tgn/"
s4ac,"http://ns.inria.fr/s4ac/v2#"
bioskos,"http://eulersharp.sourceforge.net/2003/03swap/bioSKOSSchemes#"
uni,"http://purl.org/weso/uni/uni.html#"
marl,"http://www.gsi.dit.upm.es/ontologies/marl/ns#"
isothes,"http://purl.org/iso25964/skos-thes#"
nocal,"http://vocab.deri.ie/nocal#"
clineva,"http://www.agfa.com/w3c/2009/clinicalEvaluation#"
asn,"http://purl.org/ASN/schema/core/"
eat,"http://www.awesomesauce.net/urmom/"
decl,"http://www.linkedmodel.org/1.0/schema/decl#"
fowl,"http://www.w3.org/TR/2003/PR-owl-guide-20031209/food#"
mods,"http://www.loc.gov/mods/v3#"
countries,"http://eulersharp.sourceforge.net/2003/03swap/countries#"
ufmedia,"http://purl.org/microformat/hmedia/"
c4o,"http://purl.org/spar/c4o/"
name,"http://example.org/name#"
toby,"http://tobyinkster.co.uk/#"
xkos,"http://rdf-vocabulary.ddialliance.org/xkos#"
xds,"http://www.w3.org/2001/XMLSchema#"
pav,"http://purl.org/pav/"
oboe,"http://ecoinformatics.org/oboe/oboe.1.0/oboe-core.owl#"
prefix,"http://prefix.cc/"
cerif,"http://spi-fm.uca.es/neologism/cerif#"
ogp,"http://ogp.me/ns#"
events,"http://eulersharp.sourceforge.net/2003/03swap/event#"
ospost,"http://data.ordnancesurvey.co.uk/ontology/postcode/"
ulan,"http://vocab.getty.edu/ulan/"
pf,"http://jena.hpl.hp.com/ARQ/property#"
br,"http://vocab.deri.ie/br#"
cidoc,"http://erlangen-crm.org/current/"
provenir,"http://knoesis.wright.edu/provenir/provenir.owl#"
gelo,"http://krauthammerlab.med.yale.edu/ontologies/gelo#"
cheminf,"http://www.semanticweb.org/ontologies/cheminf.owl#"
aneo,"http://akonadi-project.org/ontologies/aneo#"
govwild,"http://govwild.org/0.6/GWOntology.rdf/"
r2r,"http://www4.wiwiss.fu-berlin.de/bizer/r2r/"
igeo,"http://rdf.insee.fr/def/geo#"
muni,"http://vocab.linkeddata.es/urbanismo-infraestructuras/territorio#"
clinproc,"http://www.agfa.com/w3c/2009/clinicalProcedure#"
bte,"http://purl.org/twc/vocab/between-the-edges/"
metalex,"http://www.metalex.eu/schema/1.0#"
fise,"http://fise.iks-project.eu/ontology/"
arecipe,"http://purl.org/amicroformat/arecipe/"
coo,"http://purl.org/coo/ns#"
hartigprov,"http://purl.org/net/provenance/ns#"
environ,"http://eulersharp.sourceforge.net/2003/03swap/environment#"
pay,"http://reference.data.gov.uk/def/payment#"
oslc,"http://open-services.net/ns/core#"
ncbitaxon,"http://purl.org/obo/owl/NCBITaxon#"
dbpo,"http://dbpedia.org/ontology/"
govtrackus,"http://www.rdfabout.com/rdf/usgov/geo/us/"
owls,"http://www.daml.org/services/owl-s/1.2/Service.owl#"
theatre,"http://purl.org/theatre#"
skip,"http://skipforward.net/skipforward/resource/"
zem,"http://s.zemanta.com/ns#"
odp,"http://ontologydesignpatterns.org/"
cogs,"http://vocab.deri.ie/cogs#"
units,"http://eulersharp.sourceforge.net/2003/03swap/unitsExtension#"
visit,"http://purl.org/net/vocab/2004/07/visit#"
atomowl,"http://bblfish.net/work/atom-owl/2006-06-06/#"
ocd,"http://dati.camera.it/ocd/"
dco,"http://info.deepcarbon.net/schema#"
agent,"http://eulersharp.sourceforge.net/2003/03swap/agent#"
humanbody,"http://eulersharp.sourceforge.net/2003/03swap/humanBody#"
out,"http://ontologies.hypios.com/out#"
hospital,"http://www.agfa.com/w3c/2009/hospital#"
voag,"http://voag.linkedmodel.org/schema/voag#"
pos,"http://www.w3.org/2003/01/geo/wgs84_pos#"
span,"http://www.ifomis.org/bfo/1.1/span#"
dcr,"http://www.isocat.org/ns/dcr.rdf#"
edam,"http://purl.bioontology.org/ontology/EDAM/"
pns,"http://data.press.net/ontology/stuff/"
olia,"http://purl.org/olia/olia.owl#"
uco,"http://purl.org/uco/ns#"
gazetteer,"http://data.ordnancesurvey.co.uk/ontology/50kGazetteer/"
scowt,"http://purl.org/weso/ontologies/scowt#"
ub,"http://www.lehigh.edu/~zhp2/2004/0401/univ-bench.owl#"
life,"http://life.deri.ie/schema/"
mei,"http://www.music-encoding.org/ns/mei/"
oboso,"http://purl.org/obo/owl/SO#"
bne,"http://datos.bne.es/resource/"
wikipedia,"http://wikipedia.no/rdf/"
agg,"http://purl.org/twc/health/vocab/aggregate/"
commons,"http://commons.psi.enakting.org/def/"
aapi,"http://rdf.alchemyapi.com/rdf/v1/s/aapi-schema#"
bcnnorms,"http://datos.bcn.cl/ontologies/bcn-norms#"
tcga,"http://purl.org/tcga/core#"
spatial,"http://geovocab.org/spatial#"
dis,"http://stanbol.apache.org/ontology/disambiguation/disambiguation#"
pccz,"http://purl.org/procurement/public-contracts-czech#"
artstor,"http://simile.mit.edu/2003/10/ontologies/artstor#"
rdo,"http://purl.org/rdo/ns#"
dtype,"http://www.linkedmodel.org/schema/dtype#"
fc,"http://www.freeclass.eu/freeclass_v1#"
wai,"http://purl.org/wai#"
jita,"http://aims.fao.org/aos/jita/"
rlog,"http://persistence.uni-leipzig.org/nlp2rdf/ontologies/rlog#"
myprefix,"http://myprefix.org/"
fcm,"http://eulersharp.sourceforge.net/2006/02swap/fcm#"
blt,"http://www.bl.uk/schemas/bibliographic/blterms#"
fls,"http://lukasblaho.sk/football_league_schema#"
cidoccrm,"http://purl.org/NET/cidoc-crm/core#"
ipad,"http://www.padinthecity.com/"
exterms,"http://www.example.org/terms/"
ens,"http://models.okkam.org/ENS-core-vocabulary.owl#"
semtweet,"http://semantictweet.com/"
dive,"http://scubadive.networld.to/dive.rdf#"
gxa,"http://www.ebi.ac.uk/gxa/"
prvr,"http://purl.org/ontology/prv/rules#"
gndo,"http://d-nb.info/standards/elementset/gnd#"
pom,"http://maven.apache.org/POM/4.0.0#"
frir,"http://purl.org/twc/ontology/frir.owl#"
lctr,"http://data.linkedct.org/vocab/resource/"
ekaw,"http://data.semanticweb.org/conference/ekaw/2012/complete/"
arg,"http://rdfs.org/sioc/argument#"
oac,"http://www.openannotation.org/ns/"
mtecore,"http://purl.org/olia/mte/multext-east.owl#"
htir,"http://www.w3.org/2011/http#"
pat,"http://purl.org/hpi/patchr#"
enhancer,"http://stanbol.apache.org/ontology/enhancer/enhancer#"
fl,"http://eulersharp.sourceforge.net/2003/03swap/fl-rules#"
l4a,"http://labels4all.info/ns/"
oper,"http://sweet.jpl.nasa.gov/2.0/mathOperation.owl#"
ppo,"http://vocab.deri.ie/ppo#"
bp,"http://open-services.net/ns/basicProfile#"
func,"http://www.w3.org/2007/rif-builtin-function#"
rating,"http://www.tvblob.com/ratings/#"
ccard,"http://purl.org/commerce/creditcard#"
geom,"http://geovocab.org/geometry#"
wfprov,"http://purl.org/wf4ever/wfprov#"
hgnc,"http://bio2rdf.org/hgnc:"
set,"http://www.w3.org/2000/10/swap/set#"
tei,"http://www.tei-c.org/ns/1.0/"
soap,"http://www.w3.org/2003/05/soap-envelope/"
fd,"http://foodable.co/ns/"
oax,"http://www.w3.org/ns/openannotation/extensions/"
bing,"http://bing.com/schema/media/"
campsite,"http://www.openlinksw.com/campsites/schema#"
wfdesc,"http://purl.org/wf4ever/wfdesc#"
agrelon,"http://d-nb.info/standards/elementset/agrelon#"
coeus,"http://bioinformatics.ua.pt/coeus/"
frapo,"http://purl.org/cerif/frapo/"
kupkb,"http://www.e-lico.eu/data/kupkb/"
iao,"http://purl.obolibrary.org/obo/iao.owl#"
flow,"http://www.w3.org/2005/01/wf/flow#"
cao,"http://purl.org/makolab/caont/"
aersv,"http://aers.data2semantics.org/vocab/"
lod2,"http://lod2.eu/schema/"
eye,"http://jena.hpl.hp.com/Eyeball#"
qa,"http://www.mit.jyu.fi/ai/TRUST_Ontologies/QA.owl#"
dt,"http://dbpedia.org/datatype/"
mte,"http://nl.ijs.si/ME/owl/"
inno,"http://purl.org/innovation/ns#"
teach,"http://linkedscience.org/teach/ns#"
carfo,"http://purl.org/carfo#"
shv,"http://ns.aksw.org/spatialHierarchy/"
calli,"http://callimachusproject.org/rdf/2009/framework#"
pol,"http://escience.rpi.edu/ontology/semanteco/2/0/pollution.owl#"
cpm,"http://catalogus-professorum.org/cpm/"
spif,"http://spinrdf.org/spif#"
sgv,"http://www.w3.org/TR/SVG/"
marshall,"http://sites.google.com/site/xgmaitc/"
mpeg7,"http://rhizomik.net/ontologies/2005/03/Mpeg7-2001.owl#"
sql,"http://ns.inria.fr/ast/sql#"
ends,"http://labs.mondeca.com/vocab/endpointStatus#"
sioctypes,"http://rdfs.org/sioc/types#"
malignneo,"http://www.agfa.com/w3c/2009/malignantNeoplasm#"
hints2005,"http://purl.org/twc/cabig/model/HINTS2005-1.owl#"
category,"http://dbpedia.org/resource/Category:"
tr,"http://www.thomsonreuters.com/"
wao,"http://webtlab.it.uc3m.es/2010/10/WebAppsOntology#"
rdfdf,"http://www.openlinksw.com/virtrdf-data-formats#"
rda,"http://www.rdaregistry.info/"
fct,"http://openlinksw.com/services/facets/1.0/"
vivo,"http://vivoweb.org/ontology/core#"
c4dm,"http://purl.org/NET/c4dm/event.owl#"
infosys,"http://www.infosys.com/"
hcard,"http://purl.org/uF/hCard/terms/"
xsi,"http://www.w3.org/2001/XMLSchema-instance#"
ms,"http://purl.org/obo/owl/MS#"
saxon,"http://saxon.sf.net/"
intervals,"http://reference.data.gov.uk/def/intervals/"
transmed,"http://www.w3.org/2001/sw/hcls/ns/transmed/"
pkmn,"http://pokedex.dataincubator.org/pkm/"
owltime,"http://www.w3.org/TR/owl-time#"
nytimes,"http://data.nytimes.com/elements/"
frbrcore,"http://purl.org/vocab/frbr/core#"
rad,"http://www.w3.org/ns/rad#"
dbyago,"http://dbpedia.org/class/yago/"
health,"http://purl.org/twc/health/vocab/"
greg,"http://kasei.us/about/foaf.xrdf#"
aims,"http://aims.fao.org/aos/common/"
osn,"http://spatial.ucd.ie/lod/osn/"
tmpl,"http://purl.org/restdesc/http-template#"
place,"http://purl.org/ontology/places/"
transit,"http://vocab.org/transit/terms/"
photoshop,"http://ns.adobe.com/photoshop/1.0/"
xch,"http://oanda2rdf.appspot.com/xch/"
rv,"http://wifo-ravensburg.de/semanticweb.rdf#"
rlno,"http://rdflivenews.aksw.org/ontology/"
scsv,"http://purl.org/NET/schema-org-csv#"
dssn,"http://purl.org/net/dssn/"
ngeoi,"http://vocab.lenka.no/geo-deling#"
ludo,"http://ns.inria.fr/ludo/v1#"
city,"http://datos.localidata.com/def/City#"
kw,"http://kwantu.net/kw/"
sdmxa,"http://purl.org/linked-data/sdmx/2009/attribute#"
admssw,"http://purl.org/adms/sw/"
hifm,"http://purl.org/net/hifm/data#"
dsp,"http://purl.org/metainfo/terms/dsp#"
pronom,"http://reference.data.gov.uk/technical-registry/"
cro,"http://rhizomik.net/ontologies/copyrightonto.owl#"
protegedc,"http://protege.stanford.edu/plugins/owl/dc/protege-dc.owl#"
p20,"http://zbw.eu/beta/p20/vocab/"
iron,"http://purl.org/ontology/iron#"
aigp,"http://swat.cse.lehigh.edu/resources/onto/aigp.owl#"
locn,"http://www.w3.org/ns/locn#"
xlink,"http://www.w3.org/1999/xlink/"
wscaim,"http://www.openk.org/wscaim.owl#"
quantities,"http://eulersharp.sourceforge.net/2003/03swap/quantitiesExtension#"
atomrdf,"http://atomowl.org/ontologies/atomrdf#"
pne,"http://data.press.net/ontology/event/"
hxl,"http://hxl.humanitarianresponse.info/ns/#"
ogorg,"http://opengraph.org/schema/"
lr,"http://linkedrecipes.org/schema/"
nxp,"http://purl.org/nxp/schema/v1/"
aerols,"http://xmlns.com/aerols/0.1/"
opmw,"http://www.opmw.org/ontology/"
d2r,"http://sites.wiwiss.fu-berlin.de/suhl/bizer/d2r-server/config.rdf#"
overheid,"http://standaarden.overheid.nl/owms/"
reve,"http://data.eurecom.fr/ontology/reve#"
lex,"http://purl.org/lex#"
wf,"http://www.w3.org/2005/01/wf/flow#"
wfm,"http://purl.org/net/wf-motifs#"
lgv,"http://linkedgeodata.org/ontology/"
pna,"http://data.press.net/ontology/asset/"
re,"http://www.w3.org/2000/10/swap/reason#"
sdo,"http://schema.org/"
wm,"http://ns.inria.fr/webmarks#"
dcm,"http://dcm.com/"
geof,"http://www.opengis.net/def/function/geosparql/"
genea,"http://www.owl-ontologies.com/generations.owl#"
mime,"http://purl.org/NET/mediatypes/"
fingal,"http://vocab.deri.ie/fingal#"
osmsemnet,"http://spatial.ucd.ie/2012/08/osmsemnet/"
b2rpubchem,"http://bio2rdf.org/ns/ns/ns/pubchem#"
no,"http://km.aifb.kit.edu/projects/numbers/number#"
orca,"http://geni-orca.renci.org/owl/topology.owl#"
bcncon,"http://datos.bcn.cl/ontologies/bcn-congress#"
eumida,"http://data.kasabi.com/dataset/eumida/terms/"
identity,"http://purl.org/twc/ontologies/identity.owl#"
npgd,"http://ns.nature.com/datasets/"
sig,"http://purl.org/signature#"
poder,"http://poderopedia.com/vocab/"
deo,"http://purl.org/spar/deo/"
algo,"http://securitytoolbox.appspot.com/securityAlgorithms#"
namespaces,"https://vg.no/"
omv,"http://omv.ontoware.org/2005/05/ontology#"
goef,"http://purl.org/twc/vocab/goef#"
osukdt,"http://www.ordnancesurvey.co.uk/ontology/Datatypes.owl#"
hg,"http://www.holygoat.co.uk/owl/redwood/0.1/tags/"
sdgp,"http://stats.data-gov.ie/property/"
germplasm,"http://purl.org/germplasm/terms#"
open,"http://open.vocab.org/terms/"
frad,"http://iflastandards.info/ns/fr/frad/"
cdtype,"http://purl.org/cld/cdtype/"
aos,"http://rdf.muninn-project.org/ontologies/appearances#"
iso,"http://purl.org/iso25964/skos-thes#"
un,"http://www.w3.org/2007/ont/unit#"
gesis,"http://lod.gesis.org/lodpilot/ALLBUS/vocab.rdf#"
npgx,"http://ns.nature.com/extensions/"
tripfs2,"http://purl.org/tripfs/2010/06#"
gfo,"http://www.onto-med.de/ontologies/gfo.owl#"
eseduc,"http://www.purl.org/ontologia/eseduc#"
oj,"http://ontojob.at/"
biordf,"http://purl.org/net/biordfmicroarray/ns#"
cex,"http://purl.org/weso/computex/ontology#"
bcnbio,"http://datos.bcn.cl/ontologies/bcn-biographies#"
grs,"http://www.georss.org/georss/"
crtv,"http://open-services.net/ns/crtv#"
wapp,"http://ns.rww.io/wapp#"
vocab,"http://rdf.ontology2.com/vocab#"
omapi,"http://purl.org/omapi/0.2/#"
np,"http://www.nanopub.org/nschema#"
laposte,"http://data.lirmm.fr/ontologies/laposte#"
sci,"http://data.scientology.org/ns/"
wsc,"http://www.openk.org/wscaim.owl#"
skiresort,"http://www.openlinksw.com/ski_resorts/schema#"
daiaserv,"http://purl.org/ontology/daia/Service/"
dl,"http://ontology.ip.rm.cnr.it/ontologies/DOLCE-Lite#"
italy,"http://data.kasabi.com/dataset/italy/schema/"
rpubl,"http://rinfo.lagrummet.se/ns/2008/11/rinfo/publ#"
rec54,"http://www.w3.org/2001/02pd/rec54.rdf#"
rich,"http://rdf.data-vocabulary.org/"
osp,"http://data.lirmm.fr/ontologies/osp#"
pext,"http://www.ontotext.com/proton/protonext#"
diseasome,"http://www4.wiwiss.fu-berlin.de/diseasome/resource/diseasome/"
prolog,"http://eulersharp.sourceforge.net/2003/03swap/prolog#"
okg,"http://openknowledgegraph.org/ontology/"
xmls,"http://www.w3.org/2001/XMLSchema#"
recipe,"http://linkedrecipes.org/schema/"
str,"http://nlp2rdf.lod2.eu/schema/string/"
httpm,"http://www.w3.org/2011/http-methods#"
moby,"http://www.mygrid.org.uk/mygrid-moby-service#"
zoomaterms,"http://rdf.ebi.ac.uk/vocabulary/zooma/"
xt,"http://purl.org/twc/vocab/cross-topix#"
premis,"http://multimedialab.elis.ugent.be/users/samcoppe/ontologies/Premis/premis.owl#"
sso,"http://nlp2rdf.lod2.eu/schema/sso/"
geofla,"http://data.ign.fr/ontologies/geofla#"
gbv,"http://purl.org/ontology/gbv/"
sem,"http://www.ontologydesignpatterns.org/cp/owl/semiotics.owl#"
infection,"http://www.agfa.com/w3c/2009/infectiousDisorder#"
mil,"http://rdf.muninn-project.org/ontologies/military#"
role,"http://purl.org/vocab/participation/schema#"
osr,"http://dati.senato.it/osr/"
chebi,"http://bio2rdf.org/chebi:"
iot,"http://www.linkedthings.com/iot/"
wkd,"http://schema.wolterskluwer.de/"
centrifuge,"http://purl.org/twc/vocab/centrifuge#"
s2s,"http://escience.rpi.edu/ontology/sesf/s2s/4/0/"
voidp,"http://www.enakting.org/provenance/voidp/"
puelia,"http://kwijibo.talis.com/vocabs/puelia#"
dpl,"http://dbpedialite.org/things/"
prf,"http://www.openmobilealliance.org/tech/profiles/UAPROF/ccppschema-20021212#"
tvc,"http://www.essepuntato.it/2012/04/tvc/"
prism21,"http://prismstandard.org/namespaces/basic/2.1/"
wp,"http://vocabularies.wikipathways.org/wp#"
bbc,"http://www.bbc.co.uk/ontologies/news/"
geovocab,"http://geovocab.org/"
mohammad,"http://manesht.ir/"
qrl,"http://www.aifb.kit.edu/project/ld-retriever/qrl#"
kbp,"http://tackbp.org/2013/ontology#"
cb,"http://cbasewrap.ontologycentral.com/vocab#"
tblcard,"http://www.w3.org/People/Berners-Lee/card#"
dbt,"http://dbpedia.org/resource/Template:"
lodac,"http://lod.ac/ns/lodac#"
ebu,"http://semantic.eurobau.com/eurobau-utility.owl#"
rdarole,"http://rdvocab.info/roles/"
telmap,"http://purl.org/telmap/"
penn,"http://purl.org/olia/penn.owl#"
ple,"http://pleiades.stoa.org/places/"
dctypes,"http://purl.org/dc/dcmitype/"
disease,"http://www.agfa.com/w3c/2009/humanDisorder#"
odcs,"http://opendata.cz/infrastructure/odcleanstore/"
swpatho,"http://swpatho.ag-nbi.de/context/meta.owl#"
lexvo,"http://lexvo.org/ontology#"
emotion,"http://ns.inria.fr/emoca#"
ds,"http://purl.org/ctic/dcat#"
ecpo,"http://purl.org/ontology/ecpo#"
eunis,"http://eunis.eea.europa.eu/rdf/species-schema.rdf#"
doco,"http://purl.org/spar/doco/"
dvia,"http://data.eurecom.fr/ontology/dvia#"
cvbase,"http://purl.org/captsolo/resume-rdf/0.2/base#"
vaem,"http://www.linkedmodel.org/schema/vaem#"
curr,"https://w3id.org/cc#"
wiki,"http://en.wikipedia.org/wiki/"
comm,"http://vocab.resc.info/communication#"
occult,"http://data.totl.net/occult/"
mrel,"http://id.loc.gov/vocabulary/relators/"
tisc,"http://observedchange.com/tisc/ns#"
scufl2,"http://ns.taverna.org.uk/2010/scufl2#"
water,"http://escience.rpi.edu/ontology/semanteco/2/0/water.owl#"
rssynd,"http://web.resource.org/rss/1.0/modules/syndication/"
wl,"http://www.wsmo.org/ns/wsmo-lite#"
nuts,"http://nuts.psi.enakting.org/id/BE335/doc/"
onssprel,"http://www.ordnancesurvey.co.uk/ontology/SpatialRelations/v0.2/SpatialRelations.owl#"
visko,"http://trust.utep.edu/visko/ontology/visko-operator-v3.owl#"
qb4o,"http://purl.org/olap#"
rdamedia,"http://rdvocab.info/termList/RDAMediaType/"
rdacontent,"http://rdvocab.info/termList/RDAContentType/"
steel,"http://ontorule-project.eu/resources/steel-30#"
om,"http://opendata.caceres.es/def/ontomunicipio#"
harrisons,"http://harrisons.cc/"
cts2,"http://schema.omg.org/spec/CTS2/1.0/"
alchemy,"http://rdf.alchemyapi.com/rdf/v1/s/aapi-schema#"
cis,"http://purl.org/NET/cloudisus#"
nsl,"http://purl.org/ontology/storyline/"
camelot,"http://vocab.ox.ac.uk/camelot#"
dawgt,"http://www.w3.org/2001/sw/DataAccess/tests/test-dawg#"
bsb,"http://opacplus.bsb-muenchen.de/title/"
wfs,"http://schemas.opengis.net/wfs/"
ec,"http://eulergui.sourceforge.net/contacts.owl.n3#"
vrank,"http://purl.org/voc/vrank#"
sdmxdim,"http://purl.org/linked-data/sdmx/2009/dimension#"
wikterms,"http://wiktionary.dbpedia.org/terms/"
nyt,"http://data.nytimes.com/"
eui,"http://institutions.publicdata.eu/#"
wbc,"http://worldbank.270a.info/classification/"
pam,"http://prismstandard.org/namespaces/pam/2.0/"
lldr,"http://purl.oclc.org/NET/lldr/ns#"
bm,"http://bio2rdf.org/"
aers,"http://aers.data2semantics.org/resource/"
r4ta,"http://ns.inria.fr/ratio4ta/v1#"
wi,"http://purl.org/ontology/wi/core#"
npgg,"http://ns.nature.com/graphs/"
cf,"http://mmisw.org/ont/cf/parameter/"
psh,"http://psh.techlib.cz/skos/"
crv,"http://purl.org/twc/vocab/datacarver#"
rdau,"http://rdaregistry.info/Elements/u/"
mads,"http://www.loc.gov/mads/rdf/v1#"
graffle,"http://purl.org/twc/vocab/vsr/graffle#"
vsto,"http://escience.rpi.edu/ontology/vsto/2/0/vsto.owl#"
vsw,"http://verticalsearchworks.com/ontology/"
jjd,"http://www.joshuajeeson.com/"
bibframe,"http://bibframe.org/vocab/"
cold,"http://purl.org/configurationontology#"
strdf,"http://strdf.di.uoa.gr/ontology#"
oecd,"http://oecd.270a.info/dataset/"
dcite,"http://purl.org/spar/datacite/"
ecb,"http://ecb.270a.info/class/1.0/"
locwd,"http://purl.org/locwd/schema#"
l4lod,"http://ns.inria.fr/l4lod/v2/"
oarj,"http://opendepot.org/reference/linked/1.0/"
roevo,"http://purl.org/wf4ever/roevo#"
finlaw,"http://purl.org/finlex/schema/laki/"
purl,"http://purl.org/dc/terms/"
up,"http://users.ugent.be/~tdenies/up/"
fea,"http://vocab.data.gov/def/fea#"
w3po,"http://purl.org/provenance/w3p/w3po#"
lh,"http://vocab.inf.ed.ac.uk/library/holdings#"
stac,"http://securitytoolbox.appspot.com/stac#"
fos,"http://futurios.org/fos/spec/"
webbox,"http://webbox.ecs.soton.ac.uk/ns#"
qud,"http://qudt.org/1.1/schema/qudt#"
sdmxd,"http://purl.org/linked-data/sdmx/2009/dimension#"
prvt,"http://purl.org/net/provenance/types#"
won,"http://purl.org/webofneeds/model#"
rdacarrier,"http://rdvocab.info/termList/RDACarrierType/"
pkgsrc,"http://pkgsrc.co/schema#"
fcp,"http://www.newmedialab.at/fcp/"
wn20,"http://www.w3.org/2006/03/wn/wn20/"
telix,"http://purl.org/telix#"
rdaw,"http://rdaregistry.info/Elements/w/"
rdf123,"http://rdf123.umbc.edu/ns/"
rdam,"http://rdaregistry.info/Elements/m/"
xmp,"http://ns.adobe.com/xap/1.0/"
viskov,"http://trust.utep.edu/visko/ontology/visko-view-v3.owl#"
twaapi,"http://purl.org/twc/vocab/aapi-schema#"
ql,"http://www.w3.org/2004/ql#"
nidm,"http://nidm.nidash.org/"
infor,"http://www.ontologydesignpatterns.org/cp/owl/informationrealization.owl#"
wsl,"http://www.wsmo.org/ns/wsmo-lite#"
owlse,"http://www.daml.org/services/owl-s/1.2/generic/Expression.owl#"
cpa,"http://www.ontologydesignpatterns.org/schemas/cpannotationschema.owl#"
itsmo,"http://ontology.it/itsmo/v1#"
r2rml,"http://www.w3.org/ns/r2rml#"
fincaselaw,"http://purl.org/finlex/schema/oikeus/"
msr,"http://www.telegraphis.net/ontology/measurement/measurement#"
osspr,"http://data.ordnancesurvey.co.uk/ontology/spatialrelations/"
rlnr,"http://rdflivenews.aksw.org/resource/"
cosmo,"http://purl.org/ontology/cosmo#"
stream,"http://dbpedia.org/ontology/Stream/"
ctorg,"http://purl.org/ctic/infraestructuras/organizacion#"
rdafrbr,"http://rdvocab.info/uri/schema/FRBRentitiesRDA/"
frbrer,"http://iflastandards.info/ns/fr/frbr/frbrer/"
refe,"http://orion.tw.rpi.edu/~xgmatwc/refe/"
csp,"http://vocab.deri.ie/csp#"
odv,"http://reference.data.gov.uk/def/organogram/"
swperson,"http://data.semanticweb.org/person/"
lcy,"http://purl.org/vocab/lifecycle/schema#"
pizza,"http://www.co-ode.org/ontologies/pizza/pizza.owl#"
vcardx,"http://buzzword.org.uk/rdf/vcardx#"
wlo,"http://purl.org/ontology/wo/"
situ,"http://www.ontologydesignpatterns.org/cp/owl/situation.owl#"
pubmed,"http://bio2rdf.org/pubmed_vocabulary:"
part,"http://purl.org/vocab/participation/schema#"
vsws,"http://verticalsearchworks.com/ontology/synset#"
te,"http://www.w3.org/2006/time-entry#"
wikidata,"http://www.wikidata.org/entity/"
bcngeo,"http://datos.bcn.cl/ontologies/bcn-geographics#"
xml,"http://www.w3.org/XML/1998/namespace/"
bwb,"http://doc.metalex.eu/bwb/ontology/"
w3con,"http://www.w3.org/2000/10/swap/pim/contact#"
ptop,"http://www.ontotext.com/proton/protontop#"
dqm,"http://purl.org/dqm-vocabulary/v1/dqm#"
gawd,"http://gawd.atlantides.org/terms/"
qvoc,"http://mlode.nlp2rdf.org/quranvocab#"
coun,"http://www.daml.org/2001/09/countries/iso-3166-ont#"
emoca,"http://ns.inria.fr/emoca#"
csm,"http://purl.org/csm/1.0#"
hlygt,"http://www.holygoat.co.uk/owl/redwood/0.1/tags/"
wf4ever,"http://purl.org/wf4ever/wf4ever#"
api,"http://purl.org/linked-data/api/vocab#"
poste,"http://data.lirmm.fr/ontologies/poste#"
icane,"http://www.icane.es/opendata/vocab#"
accom,"http://purl.org/acco/ns#"
frsad,"http://iflastandards.info/ns/fr/frsad/"
particip,"http://purl.org/vocab/participation/schema#"
dcndl,"http://ndl.go.jp/dcndl/terms/"
ntag,"http://ns.inria.fr/nicetag/2010/09/09/voc#"
opl,"http://openlinksw.com/schema/attribution#"
uta,"http://uptheasset.org/ontology#"
dbptmpl,"http://dbpedia.org/resource/Template:"
limoo,"http://purl.org/LiMo/0.1/"
pingback,"http://purl.org/net/pingback/"
meb,"http://rdf.myexperiment.org/ontologies/base/"
prviv,"http://purl.org/net/provenance/integrity#"
mged,"http://mged.sourceforge.net/ontologies/MGEDOntology.owl#"
oecc,"http://www.oegov.org/core/owl/cc#"
roterms,"http://purl.org/wf4ever/roterms#"
viskoo,"http://trust.utep.edu/visko/ontology/visko-operator-v3.owl#"
biotop,"http://purl.org/biotop/biotop.owl#"
obsm,"http://rdf.geospecies.org/methods/observationMethod#"
swpo,"http://sw-portal.deri.org/ontologies/swportal#"
moac,"http://observedchange.com/moac/ns#"
emp,"http://purl.org/ctic/empleo/oferta#"
gastro,"http://www.ebsemantics.net/gastro#"
mp,"http://jicamaro.info/mp#"
paia,"http://purl.org/ontology/paia#"
geosp,"http://rdf.geospecies.org/ont/geospecies#"
rdae,"http://rdaregistry.info/Elements/e/"
daisy,"http://www.daisy.org/z3998/2012/vocab/"
rso,"http://www.researchspace.org/ontology/"
conf,"http://richard.cyganiak.de/2007/pubby/config.rdf#"
ep,"http://eprints.org/ontology/"
ssso,"http://purl.org/ontology/ssso#"
cbase,"http://ontologycentral.com/2010/05/cb/vocab#"
biro,"http://purl.org/spar/biro/"
scms,"http://ns.aksw.org/scms/annotations/"
iol,"http://www.ontologydesignpatterns.org/ont/dul/IOLite.owl#"
ling,"http://purl.org/voc/ling/"
vcard2006,"http://www.w3.org/2006/vcard/ns#"
ox,"http://vocab.ox.ac.uk/projectfunding#"
geocontext,"http://www.geocontext.org/publ/2013/vocab#"
who,"http://www.who.int/vocab/ontology#"
vapour,"http://vapour.sourceforge.net/vocab.rdf#"
vvo,"http://purl.org/vvo/ns#"
drm,"http://vocab.data.gov/def/drm#"
ecos,"http://kmm.lboro.ac.uk/ecos/1.0#"
dn,"http://purl.org/datanode/ns/"
osgeom,"http://data.ordnancesurvey.co.uk/ontology/geometry/"
dbtont,"http://dbtropes.org/ont/"
pso,"http://purl.org/spar/pso/"
onyx,"http://www.gsi.dit.upm.es/ontologies/onyx/ns#"
lsc,"http://linkedscience.org/lsc/ns#"
elec,"http://purl.org/ctic/sector-publico/elecciones#"
graves,"http://rdf.muninn-project.org/ontologies/graves#"
quty,"http://www.telegraphis.net/ontology/measurement/quantity#"
ecrm,"http://erlangen-crm.org/current/"
rdarel,"http://rdvocab.info/RDARelationshipsWEMI/"
olad,"http://openlad.org/vocab#"
dbpr,"http://dbpedia.org/resource/"
saif,"http://wwwiti.cs.uni-magdeburg.de/~srahman/"
lingvo,"http://www.lingvoj.org/ontology#"
archdesc,"http://archdesc.info/archEvent#"
wbp,"http://worldbank.270a.info/property/"
ostop,"http://www.ordnancesurvey.co.uk/ontology/Topography/v0.1/Topography.owl#"
dr,"http://purl.org/swan/2.0/discourse-relationships/"
crsw,"http://courseware.rkbexplorer.com/ontologies/courseware#"
rdac,"http://rdaregistry.info/Elements/c/"
stats,"http://purl.org/rdfstats/stats#"
semio,"http://www.lingvoj.org/semio#"
odapp,"http://vocab.deri.ie/odapp#"
spt,"http://spitfire-project.eu/ontology/ns/"
gnvc,"http://purl.org/gc/"
turismo,"http://idi.fundacionctic.org/cruzar/turismo#"
penis,"http://penis.to/#"
delta,"http://www.w3.org/2004/delta#"
mvco,"http://purl.oclc.org/NET/mvco.owl#"
dcoid,"http://dx.deepcarbon.net/"
gnm,"http://www.geonames.org/ontology/mappings/"
lexcz,"http://purl.org/lex/cz#"
vdpp,"http://data.lirmm.fr/ontologies/vdpp#"
amalgame,"http://purl.org/vocabularies/amalgame#"
radion,"http://www.w3.org/ns/radion#"
agls,"http://www.agls.gov.au/agls/terms/"
seq,"http://www.ontologydesignpatterns.org/cp/owl/sequence.owl#"
worldbank,"http://worldbank.270a.info/dataset/"
geod,"http://vocab.lenka.no/geo-deling#"
gq,"http://genomequest.com/"
laabs,"http://dbpedia.org/resource/"
kai,"http://kai.uni-kiel.de/"
gcis,"http://data.globalchange.gov/gcis.owl#"
article,"http://ogp.me/ns/article#"
ogbd,"http://www.ogbd.fr/2012/ontologie#"
rdaa,"http://rdaregistry.info/Elements/a/"
pwo,"http://purl.org/spar/pwo/"
tsioc,"http://rdfs.org/sioc/types#"
op,"http://environment.data.gov.au/def/op#"
lmm2,"http://www.ontologydesignpatterns.org/ont/lmm/LMM_L2.owl#"
opmo,"http://openprovenance.org/model/opmo#"
s3db,"http://www.s3db.org/core#"
rdfdata,"http://rdf.data-vocabulary.org/rdf.xml#"
tis,"http://www.ontologydesignpatterns.org/cp/owl/timeindexedsituation.owl#"
viso,"http://purl.org/viso/"
mocanal,"http://www.semanticweb.org/asow/ontologies/2013/9/untitled-ontology-36#"
mm,"http://linkedmultimedia.org/sparql-mm/ns/1.0.0/function#"
rdag3,"http://rdvocab.info/ElementsGr3/"
gadm,"http://gadm.geovocab.org/ontology#"
ontopic,"http://www.ontologydesignpatterns.org/ont/dul/ontopic.owl#"
snarm,"http://rdf.myexperiment.org/ontologies/snarm/"
eurlex,"http://eur-lex.publicdata.eu/ontology/"
evident,"http://purl.org/net/evident#"
edgar,"http://edgarwrap.ontologycentral.com/vocab/edgar#"
oprovo,"http://openprovenance.org/ontology#"
ordf,"http://purl.org/NET/ordf/"
oliasystem,"http://purl.org/olia/system.owl#"
rdai,"http://rdaregistry.info/Elements/i/"
bihap,"http://bihap.kb.gov.tr/ontology/"
osadm,"http://data.ordnancesurvey.co.uk/ontology/admingeo/"
tddo,"http://databugger.aksw.org/ns/core#"
cmd,"http://clarin.eu/cmd#"
rdag1,"http://rdvocab.info/Elements/"
passim,"http://data.lirmm.fr/ontologies/passim#"
muldicat,"http://iflastandards.info/ns/muldicat#"
raul,"http://vocab.deri.ie/raul#"
odpart,"http://www.ontologydesignpatterns.org/cp/owl/participation.owl#"
mds,"http://doc.metalex.eu/id/"
odrl,"http://www.w3.org/ns/odrl/2/"
lmm1,"http://www.ontologydesignpatterns.org/ont/lmm/LMM_L1.owl#"
pois,"http://purl.oclc.org/POIS/vcblr#"
od,"http://purl.org/twc/vocab/opendap#"
coll,"http://purl.org/co/"
tao,"http://vocab.deri.ie/tao#"
lime,"http://art.uniroma2.it/ontologies/lime#"
tw,"http://tw.rpi.edu/schema/"
asgv,"http://aims.fao.org/aos/agrovoc/"
dbrc,"http://dbpedia.org/resource/Category:"
erce,"http://xxefe.de/"
pproc,"http://contsem.unizar.es/def/sector-publico/pproc#"
ftcontent,"http://www.ft.com/ontology/content/"
provone,"http://purl.org/provone#"
trait,"http://contextus.net/ontology/ontomedia/ext/common/trait#"
mammal,"http://lod.taxonconcept.org/ontology/p01/Mammalia/index.owl#"
geop,"http://aims.fao.org/aos/geopolitical.owl#"
mt,"http://www.w3.org/2001/sw/DataAccess/tests/test-manifest#"
li,"http://def.seegrid.csiro.au/isotc211/iso19115/2003/lineage#"
fao,"http://fao.270a.info/dataset/"
cjr,"http://vocab.linkeddata.es/datosabiertos/def/urbanismo-infraestructuras/callejero#"
bco,"http://purl.obolibrary.org/obo/bco.owl#"
ru,"http://purl.org/imbi/ru-meta.owl#"
vin,"http://www.w3.org/TR/2003/PR-owl-guide-20031209/wine#"
location,"http://sw.deri.org/2006/07/location/loc#"
soc,"http://purl.org/net/hdlipcores/ontology/soc#"
mb,"http://dbtune.org/musicbrainz/resource/instrument/"
opencyc,"http://sw.opencyc.org/concept/"
oplprod,"http://www.openlinksw.com/ontology/products#"
defns,"http://www.openarchives.org/OAI/2.0/"
language,"http://id.loc.gov/vocabulary/iso639-1/"
ses,"http://lod.taxonconcept.org/ses/"
rdl,"http://data.posccaesar.org/rdl/"
bk,"http://www.provbook.org/ns/#"
being,"http://purl.org/ontomedia/ext/common/being#"
pvcs,"http://purl.org/twc/vocab/pvcs#"
lexinfo,"http://www.lexinfo.net/ontology/2.0/lexinfo#"
contsem,"http://contsem.unizar.es/def/sector-publico/contratacion#"
fbgeo,"http://rdf.freebase.com/ns/location/geocode/"
olac11,"http://www.language-archives.org/OLAC/1.1/"
my,"http://www.mobile.com/model/"
siocserv,"http://rdfs.org/sioc/services#"
omdoc,"http://omdoc.org/ontology/"
msm,"http://iserve.kmi.open.ac.uk/ns/msm#"
agrd,"http://agrinepaldata.com/"
sad,"http://vocab.deri.ie/sad#"
lfov,"https://w3id.org/legal_form#"
app,"http://jmvanel.free.fr/ontology/software_applications.n3#"
csv,"http://vocab.sindice.net/csv/"
openskos,"http://openskos.org/xmlns#"
lib,"http://purl.org/library/"
omnlife,"http://open-multinet.info/ontology/omn-lifecycle#"
dbpedia2,"http://dbpedia.org/property/"
dpd,"http://www.kanzaki.com/ns/dpd#"
fcs,"http://clarin.eu/fcs/resource#"
call,"http://webofcode.org/wfn/call:"
olac,"http://www.language-archives.org/OLAC/1.0/"
irsteaont,"http://ontology.irstea.fr/weather/ontology#"
opllic,"http://www.openlinksw.com/ontology/licenses#"
bis,"http://bis.270a.info/dataset/"
vgo,"http://purl.org/net/VideoGameOntology#"
dogont,"http://elite.polito.it/ontologies/dogont.owl#"
ic,"http://imi.ipa.go.jp/ns/core/rdf#"
ruto,"http://rdfunit.aksw.org/ns/core#"
l2sp,"http://www.linked2safety-project.eu/properties/"
fma,"http://sig.uw.edu/fma#"
mmt,"http://linkedmultimedia.org/sparql-mm/functions/temporal#"
of,"http://owlrep.eu01.aws.af.cm/fridge#"
wfn,"http://webofcode.org/wfn/"
vext,"http://ldf.fi/void-ext#"
videogame,"http://purl.org/net/vgo#"
sam,"http://def.seegrid.csiro.au/isotc211/iso19156/2011/sampling#"
vra,"http://simile.mit.edu/2003/10/ontologies/vraCore3#"
skos08,"http://www.w3.org/2008/05/skos#"
cmdi,"http://www.clarin.eu/cmd/"
parl,"http://reference.data.gov.uk/def/parliament/"
gaf,"http://groundedannotationframework.org/"
nxs,"http://www.neclimateus.org/"
rdb,"http://www.dbs.cs.uni-duesseldorf.de/RDF/relational#"
odapps,"http://semweb.mmlab.be/ns/odapps#"
uis,"http://uis.270a.info/dataset/"
oplres,"http://www.openlinksw.com/ontology/restrictions#"
onisep,"http://rdf.onisep.fr/resource/"
wikim,"http://spi-fm.uca.es/spdef/models/genericTools/wikim/1.0#"
lmf,"http://www.lexinfo.net/lmf#"
pic,"http://www.ipaw.info/ns/picaso#"
cmdm,"http://infra.clarin.eu/cmd/"
geos,"http://www.telegraphis.net/ontology/geography/geography#"
seas,"https://w3id.org/seas/"
static,"http://vocab-ld.org/vocab/static-ld#"
rvl,"http://purl.org/rvl/"
thors,"http://resource.geosciml.org/ontology/timescale/thors#"
tm,"http://def.seegrid.csiro.au/isotc211/iso19108/2002/temporal#"
guo,"http://purl.org/hpi/guo#"
spdx,"http://spdx.org/rdf/terms#"
hr,"http://iserve.kmi.open.ac.uk/ns/hrests#"
oils,"http://lemon-model.net/oils#"
ebucore,"http://www.ebu.ch/metadata/ontologies/ebucore/ebucore#"
pnc,"http://data.press.net/ontology/classification/"
sru,"http://www.loc.gov/zing/srw/"
ext,"http://def.seegrid.csiro.au/isotc211/iso19115/2003/extent#"
citof,"http://www.essepuntato.it/2013/03/cito-functions#"
cdc,"http://www.contextdatacloud.org/resource/"
fam,"http://vocab.fusepool.info/fam#"
shex,"http://www.w3.org/2013/ShEx/ns#"
estatwrap,"http://ontologycentral.com/2009/01/eurostat/ns#"
lexicon,"http://www.example.org/lexicon#"
pco,"http://purl.org/procurement/public-contracts#"
scip,"http://lod.taxonconcept.org/ontology/sci_people.owl#"
smg,"http://ns.cerise-project.nl/energy/def/cim-smartgrid#"
mico,"http://www.mico-project.eu/ns/platform/1.0/schema#"
pattern,"http://www.essepuntato.it/2008/12/pattern#"
wno,"http://wordnet-rdf.princeton.edu/ontology#"
imf,"http://imf.270a.info/dataset/"
oh,"http://semweb.mmlab.be/ns/oh#"
pkm,"http://www.ontotext.com/proton/protonkm#"
oan,"http://data.lirmm.fr/ontologies/oan/"
koly,"http://www.ensias.ma/"
trig,"http://www.w3.org/2004/03/trix/rdfg-1/"
bmo,"http://collection.britishmuseum.org/id/ontology/"
babelnet,"http://babelnet.org/2.0/"
fp3,"http://vocab.fusepool.info/fp3#"
estrn,"http://vocab.linkeddata.es/datosabiertos/def/urbanismo-infraestructuras/transporte#"
physo,"http://merlin.phys.uni.lodz.pl/onto/physo/physo.owl#"
dbug,"http://ontologi.es/doap-bugs#"
form,"http://deductions-software.com/ontologies/forms.owl.ttl#"
dq,"http://def.seegrid.csiro.au/isotc211/iso19115/2003/dataquality#"
basic,"http://def.seegrid.csiro.au/isotc211/iso19103/2005/basic#"
bag,"http://lod.geodan.nl/vocab/bag#"
dicom,"http://purl.org/healthcarevocab/v1#"
lc,"http://semweb.mmlab.be/ns/linkedconnections#"
gtfs,"http://vocab.gtfs.org/terms#"
bevon,"http://rdfs.co/bevon/"
frb,"http://frb.270a.info/dataset/"
taxon,"http://purl.org/biodiversity/taxon/"
employee,"http://www.employee.com/data#"
jp1,"http://rdf.muninn-project.org/ontologies/jp1/"
sro,"http://salt.semanticauthoring.org/ontologies/sro#"
tac,"http://ns.bergnet.org/tac/0.1/triple-access-control#"
oboinowl,"http://www.geneontology.org/formats/oboInOwl#"
origins,"http://origins.link/"
qu,"http://purl.oclc.org/NET/ssnx/qu/qu#"
cl,"http://advene.org/ns/cinelab/"
bbcprov,"http://www.bbc.co.uk/ontologies/provenance/"
sbench,"http://swat.cse.lehigh.edu/onto/univ-bench.owl#"
stanford,"http://purl.org/olia/stanford.owl#"
kml,"http://www.opengis.net/kml/2.2#"
lofv,"http://purl.org/legal_form/vocab#"
lda,"http://purl.org/linked-data/api/vocab#"
ccrel,"http://creativecommons.org/ns#"
hdo,"http://www.samos.gr/ontologies/helpdeskOnto.owl#"
st,"http://semweb.mmlab.be/ns/stoptimes#"
travel,"http://www.co-ode.org/roberts/travel.owl#"
whisky,"http://vocab.org/whisky/terms/"
llo,"http://lodlaundromat.org/ontology/"
metadata,"http://purl.oreilly.com/ns/meta/"
va,"http://code-research.eu/ontology/visual-analytics#"
zr,"http://explain.z3950.org/dtd/2.0/"
odo,"http://ocean-data.org/schema/"
ldr,"http://purl.oclc.org/NET/ldr/ns#"
galaksiya,"http://ontoloji.galaksiya.com/vocab/"
sw,"http://linkedwidgets.org/statisticalwidget/ontology/"
aws,"http://purl.oclc.org/NET/ssnx/meteo/aws#"
esaloj,"http://vocab.linkeddata.es/datosabiertos/def/turismo/alojamiento#"
friends,"http://www.openarchives.org/OAI/2.0/friends/"
sh,"http://www.w3.org/ns/shacl#"
agro,"http://agrinepaldata.com/vocab/"
wro,"http://purl.org/net/wf4ever/ro#"
llm,"http://lodlaundromat.org/metrics/ontology/"
diag,"http://www.loc.gov/zing/srw/diagnostic/"
uri4uri,"http://uri4uri.net/vocab#"
ecc,"https://ns.eccenca.com/"
esadm,"http://vocab.linkeddata.es/datosabiertos/def/sector-publico/territorio#"
tavprov,"http://ns.taverna.org.uk/2012/tavernaprov/"
xslopm,"http://purl.org/net/opmv/types/xslt#"
gf,"http://def.seegrid.csiro.au/isotc211/iso19109/2005/feature#"
nex,"http://www.nexml.org/2009/"
gts,"http://resource.geosciml.org/ontology/timescale/gts#"
naval,"http://rdf.muninn-project.org/ontologies/naval#"
topo,"http://data.ign.fr/def/topo#"
voidext,"http://rdfs.org/ns/void-ext#"
oslo,"http://purl.org/oslo/ns/localgov#"
roadmap,"http://mappings.roadmap.org/"
itm,"http://spi-fm.uca.es/spdef/models/genericTools/itm/1.0#"
abs,"http://abs.270a.info/dataset/"
acrt,"http://privatealpha.com/ontology/certification/1#"
unspsc,"http://ontoview.org/schema/unspsc/1#"
gl,"http://schema.geolink.org/"
wikimedia,"http://upload.wikimedia.org/wikipedia/commons/f/f6/"
gm,"http://def.seegrid.csiro.au/isotc211/iso19107/2003/geometry#"
xapi,"http://purl.org/xapi/ontology#"
irstea,"http://ontology.irstea.fr/"
deps,"http://ontologi.es/doap-deps#"
bgcat,"http://bg.dbpedia.org/resource/?????????:"
holding,"http://purl.org/ontology/holding#"
ls,"http://linkedspending.aksw.org/instance/"
vmm,"http://spi-fm.uca.es/spdef/models/genericTools/vmm/1.0#"
oplacl,"http://www.openlinksw.com/ontology/acl#"
limo,"http://www.purl.org/limo-ontology/limo#"
cpant,"http://purl.org/NET/cpan-uri/terms#"
bv,"http://purl.org/vocommons/bv#"
stories,"http://purl.org/ontology/stories/"
oplcert,"http://www.openlinksw.com/schemas/cert#"
keys,"http://purl.org/NET/c4dm/keys.owl#"
dbcat,"http://dbpedia.org/resource/Category:"
escjr,"http://vocab.linkeddata.es/datosabiertos/def/urbanismo-infraestructuras/callejero#"
navm,"https://w3id.org/navigation_menu#"
wn31,"http://wordnet-rdf.princeton.edu/wn31/"
dannet,"http://www.wordnet.dk/owl/instance/2009/03/instances/"
dsn,"http://purl.org/dsnotify/vocab/eventset/"
maso,"http://securitytoolbox.appspot.com/MASO#"
plo,"http://purl.org/net/po#"
wn30,"http://purl.org/vocabularies/princeton/wn30/"
ll,"http://lodlaundromat.org/resource/"
hp,"http://pictogram.tokyo/vocabulary#"
mmd,"http://musicbrainz.org/ns/mmd-1.0#"
rdarel2,"http://metadataregistry.org/uri/schema/RDARelationshipsGR2/"
geovoid,"http://purl.org/geovocamp/ontology/geovoid/"
ilap,"http://data.posccaesar.org/ilap/"
pnt,"http://data.press.net/ontology/tag/"
scoro,"http://purl.org/spar/scoro/"
oad,"http://lod.xdams.org/reload/oad/"
pod,"https://project-open-data.cio.gov/v1.1/schema/#"
dcs,"http://ontologi.es/doap-changeset#"
pni,"http://data.press.net/ontology/identifier/"
spfood,"http://kmi.open.ac.uk/projects/smartproducts/ontologies/food.owl#"
loted,"http://loted.eu/ontology#"
lpeu,"http://purl.org/linkedpolitics/vocabulary/eu/plenary/"
mmf,"http://linkedmultimedia.org/sparql-mm/ns/1.0.0/function#"
locah,"http://data.archiveshub.ac.uk/def/"
reegle,"http://reegle.info/schema#"
shw,"http://paul.staroch.name/thesis/SmartHomeWeather.owl#"
nerd,"http://nerd.eurecom.fr/ontology#"
swpm,"http://spi-fm.uca.es/spdef/models/deployment/swpm/1.0#"
psys,"http://www.ontotext.com/proton/protonsys#"
h2o,"http://def.seegrid.csiro.au/isotc211/iso19150/-2/2012/basic#"
rmo,"http://eatld.et.tu-dresden.de/rmo#"
dpc,"http://hospee.org/ontologies/dpc/"
voidwh,"http://www.ics.forth.gr/isl/VoIDWarehouse/VoID_Extension_Schema.owl#"
onc,"http://www.ics.forth.gr/isl/oncm/core#"
rdacct,"http://rdaregistry.info/termList/CollTitle/"
sao,"http://salt.semanticauthoring.org/ontologies/sao#"
bner,"http://datos.bne.es/resource/"
date,"http://contextus.net/ontology/ontomedia/misc/date#"
isocat,"http://www.isocat.org/datcat/"
lso,"http://linkedspending.aksw.org/ontology/"
bibrm,"http://vocab.ub.uni-leipzig.de/bibrm/"
bgn,"http://bibliograph.net/schemas/"
rdag2,"http://rdvocab.info/ElementsGr2/"
xlime,"http://xlime-project.org/vocab/"
rdapo,"http://rdaregistry.info/termList/RDAPolarity/"
bbccms,"http://www.bbc.co.uk/ontologies/cms/"
esequip,"http://vocab.linkeddata.es/datosabiertos/def/urbanismo-infraestructuras/equipamiento#"
npdv,"http://sws.ifi.uio.no/vocab/npd#"
odrs,"http://schema.theodi.org/odrs#"
oss,"http://opendata.caceres.es/def/ontosemanasanta#"
rs,"http://spektrum.ctu.cz/ontologies/radio-spectrum#"
olca,"http://www.lingvoj.org/olca#"
security,"http://securitytoolbox.appspot.com/securityMain#"
ldvm,"http://linked.opendata.cz/ontology/ldvm/"
rvdata,"http://data.rvdata.us/"
rdabm,"http://rdaregistry.info/termList/RDABaseMaterial/"
rdamt,"http://rdaregistry.info/termList/RDAMediaType/"
oplecrm,"http://www.openlinksw.com/ontology/ecrm#"
rdafr,"http://rdaregistry.info/termList/frequency/"
bbccore,"http://www.bbc.co.uk/ontologies/coreconcepts/"
pim,"http://www.w3.org/ns/pim/space#"
rdagd,"http://rdaregistry.info/termList/gender/"
san,"http://www.irit.fr/recherches/MELODI/ontologies/SAN.owl#"
chembl,"http://rdf.ebi.ac.uk/terms/chembl#"
ljkl,"http://teste.com/"
gov,"http://gov.genealogy.net/ontology.owl#"
gpml,"http://vocabularies.wikipathways.org/gpml#"
shoah,"http://dati.cdec.it/lod/shoah/"
affymetrix,"http://bio2rdf.org/affymetrix_vocabulary:"
c9d,"http://purl.org/twc/vocab/conversion/"
rdagw,"http://rdaregistry.info/termList/grooveWidth/"
esco,"http://data.europa.eu/esco/model#"
rdarm,"http://registry.info/termList/recMedium/"
kegg,"http://bio2rdf.org/ns/kegg#"
spcm,"http://spi-fm.uca.es/spdef/models/deployment/spcm/1.0#"
glview,"http://schema.geolink.org/dev/view/"
yo,"http://yovisto.com/"
bn,"http://babelnet.org/rdf/"
lio,"http://purl.org/net/lio#"
doas,"http://deductions-software.com/ontologies/doas.owl.ttl#"
rdaemm,"http://rdaregistry.info/termList/emulsionMicro/"
ontosec,"http://www.semanticweb.org/ontologies/2008/11/OntologySecurity.owl#"
opengov,"http://www.w3.org/opengov#"
oplcb,"http://www.openlinksw.com/schemas/crunchbase#"
lden,"http://www.linklion.org/lden/"
ramon,"http://rdfdata.eionet.europa.eu/ramon/ontology/"
emtr,"http://purl.org/NET/ssnext/electricmeters#"
ecgl,"http://schema.geolink.org/"
bridge,"http://purl.org/vocommons/bridge#"
rdafnm,"http://rdaregistry.info/termList/FormNoteMus/"
rdatc,"http://rdaregistry.info/termList/trackConfig/"
lsd,"http://linkedwidgets.org/statisticaldata/ontology/"
lemonuby,"http://lemon-model.net/lexica/uby/"
lw,"http://linkedwidgets.org/ontologies/"
clirio,"http://clirio.kaerle.com/clirio.owl#"
oplmkt,"http://www.openlinksw.com/ontology/market#"
saws,"http://purl.org/saws/ontology#"
sakthi,"http://infotech.nitk.ac.in/research-scholars/sakthi-murugan-r/"
omnfed,"http://open-multinet.info/ontology/omn-federation#"
rdasoi,"http://rdaregistry.info/termList/statIdentification/"
lindt,"http://purl.org/NET/lindt#"
rdagrp,"http://rdaregistry.info/termList/groovePitch/"
rdasco,"http://rdaregistry.info/termList/soundCont/"
d0,"http://ontologydesignpatterns.org/ont/wikipedia/d0.owl#"
rdacc,"http://rdaregistry.info/termList/RDAColourContent/"
rdafmn,"http://rdaregistry.info/termList/MusNotation/"
religion,"http://rdf.muninn-project.org/ontologies/religion#"
xcql,"http://docs.oasis-open.org/ns/search-ws/xcql#"
mtlo,"http://www.ics.forth.gr/isl/MarineTLO/v4/marinetlo.owl#"
cpsv,"http://purl.org/vocab/cpsv#"
lcdr,"http://ns.lucid-project.org/revision/"
bgdbp,"http://bg.dbpedia.org/property/"
owsom,"https://onlinesocialmeasures.wordpress.com/"
caplibacl,"http://schemas.capita-libraries.co.uk/2015/acl/schema#"
phdd,"http://rdf-vocabulary.ddialliance.org/phdd#"
verb,"http://w3id.org/verb/"
eccrev,"https://vocab.eccenca.com/revision/"
rml,"http://semweb.mmlab.be/ns/rml#"
insdc,"http://ddbj.nig.ac.jp/ontologies/sequence#"
wb,"http://data.worldbank.org/"
escom,"http://vocab.linkeddata.es/datosabiertos/def/comercio/tejidoComercial#"
foo,"http://filmontology.org/ontology/1.0/"
dicera,"http://semweb.mmlab.be/ns/dicera#"
condition,"http://www.kinjal.com/condition:"
cart,"http://purl.org/net/cartCoord#"
odbc,"http://www.openlinksw.com/ontology/odbc#"
oae,"http://www.ics.forth.gr/isl/oae/core#"
rdaftn,"http://rdaregistry.info/termList/TacNotation/"
ha,"http://sensormeasurement.appspot.com/ont/home/homeActivity#"
rdami,"http://rdaregistry.info/termList/modeIssue/"
espresup,"http://vocab.linkeddata.es/datosabiertos/def/hacienda/presupuestos#"
oxi,"http://omerxi.com/ontologies/core.owl.ttl#"
tadirah,"http://tadirah.dariah.eu/vocab/"
xrd,"http://docs.oasis-open.org/ns/xri/xrd-1.0#"
beth,"http://www.google.com/"
vidont,"http://vidont.org/"
bnf,"http://www.w3.org/2000/10/swap/grammar/bnf#"
ev,"http://www.w3.org/2001/xml-events/"
faldo,"http://biohackathon.org/resource/faldo#"
oml,"http://def.seegrid.csiro.au/ontology/om/om-lite#"
rdaco,"http://rdaregistry.info/termList/RDAContentType/"
fdbp,"http://fr.dbpedia.org/property/"
ecglview,"http://schema.geolink.org/view/"
rdarr,"http://rdaregistry.info/termList/RDAReductionRatio/"
rdapmt,"http://rdaregistry.info/termList/prodTactile/"
vag,"http://www.essepuntato.it/2013/10/vagueness/"
bgdbr,"http://bg.dbpedia.org/resource/"
cwl,"https://w3id.org/cwl/cwl#"
rdact,"http://rdaregistry.info/termList/RDACarrierType/"
traffic,"http://www.sensormeasurement.appspot.com/ont/transport/traffic#"
rdafnv,"http://rdaregistry.info/termList/noteForm/"
bfo,"http://www.ifomis.org/bfo/1.1#"
rdafs,"http://rdaregistry.info/termList/fontSize/"
lawd,"http://lawd.info/ontology/"
lu,"http://www.ontologydesignpatterns.org/ont/framenet/abox/lu/"
company,"http://intellimind.io/ns/company#"
ubiq,"http://server.ubiqore.com/ubiq/core#"
lmx,"http://www.w3.org/XML/1998/namespace/"
vacseen1,"http://www.semanticweb.org/parthasb/ontologies/2014/6/vacseen1/"
frame,"http://www.ontologydesignpatterns.org/ont/framenet/abox/frame/"
mexv,"http://mex.aksw.org/mex-algo#"
um,"http://intelleo.eu/ontologies/user-model/ns/"
ncit,"http://ncicb.nci.nih.gov/xml/owl/EVS/Thesaurus.owl#"
rdabf,"http://rdaregistry.info/termList/bookFormat/"
rdatr,"http://rdaregistry.info/termList/typeRec/"
proms,"http://promsns.org/def/proms#"
quantity,"http://qudt.org/schema/quantity#"
changeset,"http://purl.org/vocab/changeset/schema#"
dm2e,"http://onto.dm2e.eu/schemas/dm2e/"
incident,"http://vocab.resc.info/incident#"
eurostat,"http://wifo5-04.informatik.uni-mannheim.de/eurostat/resource/eurostat/"
lsqv,"http://lsq.aksw.org/vocab#"
rdaz,"http://rdaregistry.info/Elements/z/"
demlab,"http://www.demcare.eu/ontologies/demlab.owl#"
ofrd,"http://purl.org/opdm/refrigerator#"
uneskos,"http://purl.org/voc/uneskos#"
td5,"http://td5.org/#"
d2d,"http://rdfns.org/d2d/"
faq,"http://www.openlinksw.com/ontology/faq#"
mexcore,"http://mex.aksw.org/mex-core#"
cbo,"http://comicmeta.org/cbo/"
fe,"http://www.ontologydesignpatterns.org/ont/framenet/abox/fe/"
figigii,"http://www.omg.org/spec/FIGI/GlobalInstrumentIdentifiers/"
bsym,"http://bsym.bloomberg.com/sym/"
vstoi,"http://hadatac.org/ont/vstoi#"
esdir,"http://vocab.linkeddata.es/datosabiertos/def/urbanismo-infraestructuras/direccionPostal#"
aktivesa,"http://sa.aktivespace.org/ontologies/aktivesa#"
hasneto,"http://hadatac.org/ont/hasneto#"
decision,"https://decision-ontology.googlecode.com/svn/trunk/decision.owl#"
llont,"http://www.linklion.org/ontology#"
rofch,"http://rdaregistry.info/termList/rofch/"
daq,"http://purl.org/eis/vocab/daq#"
imind,"http://schema.intellimind.ns/symbology#"
tp,"http://tour-pedia.org/download/tp.owl#"
piero,"http://reactionontology.org/piero/"
esapar,"http://vocab.linkeddata.es/datosabiertos/def/urbanismo-infraestructuras/aparcamiento#"
eclap,"http://www.eclap.eu/schema/eclap/"
essglobal,"http://purl.org/essglobal/vocab/v1.0/"
rofer,"http://rdaregistry.info/termList/rofer/"
fnabox,"http://www.ontologydesignpatterns.org/ont/framenet/abox/"
webservice,"http://www.openlinksw.com/ontology/webservices#"
cwork,"http://www.bbc.co.uk/ontologies/creativework/"
mbgd,"http://mbgd.genome.ad.jp/owl/mbgd.owl#"
rofem,"http://rdaregistry.info/termList/rofem/"
airs,"https://raw.githubusercontent.com/airs-linked-data/lov/latest/src/airs_vocabulary.ttl#"
jerm,"http://www.mygrid.org.uk/ontology/JERMOntology#"
ogc,"http://www.opengis.net/def/"
gont,"https://gont.ch/"
lheo,"http://www.conjecto.com/ontology/2015/lheo#"
ops,"http://vocabularies.bridgedb.org/ops#"
luc,"http://www.ontotext.com/owlim/lucene#"
cff,"http://purl.oclc.org/NET/ssnx/cf/cf-feature#"
mexalgo,"http://mex.aksw.org/mex-algo#"
r4r,"http://guava.iis.sinica.edu.tw/r4r/"
gist,"http://ontologies.semanticarts.com/gist#"
rofrr,"http://rdaregistry.info/termList/rofrr/"
eli,"http://data.europa.eu/eli/ontology#"
geojson,"http://ld.geojson.org/vocab#"
goog,"http://schema.googleapis.com/"
rofrm,"http://rdaregistry.info/termList/rofrm/"
mv,"http://eccenca.com/mobivoc/"
vocnet,"http://schema.vocnet.org/"
remetca,"http://www.purl.org/net/remetca#"
itcat,"http://th-brandenburg.de/ns/itcat#"
rofit,"http://rdaregistry.info/termList/rofit/"
samfl,"http://def.seegrid.csiro.au/ontology/om/sam-lite#"
sor,"http://purl.org/net/soron/"
moo,"http://www.movieontology.org/2009/11/09/movieontology.owl#"
eccauth,"https://vocab.eccenca.com/auth/"
isbdu,"http://iflastandards.info/ns/isbd/unc/elements/"
puml,"http://plantuml.com/ontology#"
rofim,"http://rdaregistry.info/termList/rofim/"
rofid,"http://rdaregistry.info/termList/rofid/"
sct,"http://snomed.info/sct/"
rofet,"http://rdaregistry.info/termList/rofet/"
newsevents,"http://www.aifb.uni-karlsruhe.de/WBS/uhe/ontologies#"
amsl,"http://vocab.ub.uni-leipzig.de/amsl/"
scor,"http://purl.org/eis/vocab/scor#"
lgdm,"http://linkedgeodata.org/meta/"
tix,"http://toptix.com/2010/esro/"
orth,"http://purl.jp/bio/11/orth#"
data,"http://data.odw.tw/"
rfd,"http://com.intrinsec//ontology#"
oplweb,"http://www.openlinksw.com/schemas/oplweb#"
swcomp,"https://github.com/ali1k/ld-reactor/blob/master/vocabulary/index.ttl#"
crmdig,"http://www.ics.forth.gr/isl/CRMext/CRMdig.rdfs/"
csvw,"http://www.w3.org/ns/csvw#"
step,"http://purl.org/net/step#"
fntbox,"http://www.ontologydesignpatterns.org/ont/framenet/tbox/"
rofhf,"http://rdaregistry.info/termList/rofhf/"
minim,"http://purl.org/minim/minim#"
rgml,"http://purl.org/puninj/2001/05/rgml-schema#"
ns1,"http://www.w3.org/1999/xhtml/vocab#"
dqv,"http://www.w3.org/ns/dqv#"
wikibase,"http://wikiba.se/ontology#"
lgdt,"http://linkedgeodata.org/triplify/"
edgarcik,"http://edgarwrap.ontologycentral.com/cik/"
sdshare,"http://www.sdshare.org/2012/extension/"
wdt,"http://www.wikidata.org/prop/direct/"
rofin,"http://rdaregistry.info/termList/rofin/"
ianarel,"http://www.iana.org/assignments/relation/"
fluidops,"http://www.fluidops.com/"
ost,"http://w3id.org/ost/ns#"
auto,"http://auto.schema.org/"
voc,"http://voc.odw.tw/"
lsmap,"http://ontology.cybershare.utep.edu/ELSEWeb/elseweb-data.owl#"
lswpm,"http://ontology.cybershare.utep.edu/ELSEWeb/elseweb-lifemapper-parameters.owl#"
mexperf,"http://mex.aksw.org/mex-perf#"
efd,"http://data.foodanddrinkeurope.eu/ontology#"
nlon,"http://lod.nl.go.kr/ontology/"
hello,"https://www.youtube.com/user/SuperTellAFriend/featured/"
rut,"http://rdfunit.aksw.org/ns/core#"
orges,"http://datos.gob.es/def/sector-publico/organizacion#"
rm,"http://jazz.net/ns/rm#"
estrf,"http://vocab.linkeddata.es/datosabiertos/def/transporte/trafico#"
orgesv2,"http://datos.gob.es/sites/default/files/OntologiaDIR3/orges.owl#"
vf,"https://w3id.org/valueflows/"
lslife,"http://ontology.cybershare.utep.edu/ELSEWeb/elseweb-lifemapper.owl#"
uby,"http://purl.org/olia/ubyCat.owl#"
open311,"http://ontology.eil.utoronto.ca/open311#"
pv,"http://ns.inria.fr/provoc#"
rofsm,"http://rdaregistry.info/termList/rofsm/"
pid,"http://permid.org/ontology/organization/"
psv,"http://www.wikidata.org/prop/statement/value/"
pcit,"http://public-contracts.nexacenter.org/id/propertiesRole/"
srx,"http://www.w3.org/2005/sparql-results#"
si,"http://sisteminformasi.com/"
ethc,"http://ethoinformatics.org/ethocore/"
pm,"http://premon.fbk.eu/resource/"
lsweb,"http://ontology.cybershare.utep.edu/ELSEWeb/elseweb-data.owl#"
eccdi,"https://vocab.eccenca.com/di/"
gs1,"http://gs1.org/voc/"
odw,"http://odw.tw/"
elod,"http://linkedeconomy.org/ontology#"
dgfr,"http://colin.maudry.com/ontologies/dgfr#"
rofrt,"http://rdaregistry.info/termList/rofrt/"
lswmo,"http://ontology.cybershare.utep.edu/ELSEWeb/elseweb-modelling.owl#"
door,"http://kannel.open.ac.uk/ontology#"
ipo,"http://purl.org/ipo/core#"
dsv,"http://purl.org/iso25964/DataSet/Versioning#"
rofsf,"http://rdaregistry.info/termList/rofsf/"
ali,"http://www.niso.org/schemas/ali/1.0/"
juso,"http://rdfs.co/juso/"
lcsh,"http://id.loc.gov/authorities/subjects/"
wimpo,"http://rdfex.org/withImports?uri="
km4c,"http://www.disit.org/km4city/schema#"
cue,"http://www.clarin.eu/cmdi/cues/display/1.0#"
output,"http://volt-name.space/vocab/output#"
text,"http://jena.apache.org/text#"
volt,"http://volt-name.space/ontology/"
opllog,"http://www.openlinksw.com/ontology/logging#"
iso37120,"http://ontology.eil.utoronto.ca/ISO37120.owl#"
hto,"http://project-haystack.org/hto#"
gci,"http://ontology.eil.utoronto.ca/GCI/Foundation/GCI-Foundation.owl#"
fo,"http://www.w3.org/1999/XSL/Format#"
dcosample,"http://info.deepcarbon.net/sample/schema#"
pp,"http://peoplesplaces.de/ontology#"
csdbp,"http://cs.dbpedia.org/"
jolux,"http://data.legilux.public.lu/schema/jolux/"
regorg,"http://www.w3.org/ns/regorg#"
b3kat,"http://lod.b3kat.de/title/"
rpath,"https://w3id.org/lodsight/rdf-path#"
owl2xml,"http://www.w3.org/2006/12/owl2-xml#"
leaks,"http://data.ontotext.com/resource/leaks/"
input,"http://volt-name.space/vocab/input#"
pmonb,"http://premon.fbk.eu/ontology/nb#"
uom,"http://www.opengis.net/def/uom/OGC/1.0/"
pmo,"http://premon.fbk.eu/ontology/core#"
valueflows,"https://w3id.org/valueflows/"
neotec,"http://neotec.rc.unesp.br/resource/Neotectonics/"
latitude,"https://www.w3.org/2006/vcard/ns#latitude#"
esair,"http://vocab.linkeddata.es/datosabiertos/def/medio-ambiente/calidad-aire#"
pmhb,"http://pmhb.org/"
pdf,"http://ns.adobe.com/pdf/1.3/"
ideotalex,"http://www.ideotalex.eu/datos/recurso/"
pmovn,"http://premon.fbk.eu/ontology/vn#"
kbv,"https://id.kb.se/vocab/"
dio,"https://w3id.org/dio#"
dqc,"http://semwebquality.org/ontologies/dq-constraints#"
qms,"http://data.europa.eu/esco/qms#"
teamwork,"http://topbraid.org/teamwork#"
datex,"http://vocab.datex.org/terms#"
ou,"http://opendata.unex.es/def/ontouniversidad#"
ctxdesc,"http://www.demcare.eu/ontologies/contextdescriptor.owl#"
eem,"http://purl.org/eem#"
sg,"http://name.scigraph.com/terms/"
driver,"http://deductions.github.io/drivers.owl.ttl#"
gns,"http://sws.geonames.org/"
glycan,"http://purl.jp/bio/12/glyco/glycan#"
estatgph,"http://estatwrap.ontologycentral.com/id/nama_aux_gph#"
scholl,"http://menemeneml.com/school#"
dcodt,"http://info.deepcarbon.net/datatype/schema#"
pmd,"http://publishmydata.com/def/dataset#"
aozora,"http://purl.org/net/aozora/"
iiif,"http://iiif.io/api/image/2#"
edac,"http://ontology.cybershare.utep.edu/ELSEWeb/elseweb-edac.owl#"
maet,"http://edg.topbraid.solutions/taxonomy/macroeconomics/"
pmopb,"http://premon.fbk.eu/ontology/pb#"
fire,"http://tldp.org/HOWTO/XML-RPC-HOWTO/xmlrpc-howto-java.html#"
ncicp,"http://ncicb.nci.nih.gov/xml/owl/EVS/Thesaurus.owl#"
master1,"http://idl.u-grenoble3.fr/"
pmofn,"http://premon.fbk.eu/ontology/fn#"
markus,"http://www.markus.com/"
wsdl,"http://www.w3.org/ns/wsdl-rdf#"
yd,"https://yodata.io/"
smxm,"http://smxm.ga/"
kees,"http://linkeddata.center/kees/v1#"
crowd,"http://purl.org/crowd/"
frappe,"http://streamreasoning.org/ontologies/frappe#"
rimmf,"http://rimmf.com/vocab/"
dsfv,"http://sws.ifi.uio.no/vocab/dsf/henriwi/dsf#"
fno,"http://w3id.org/function/ontology#"
cdt,"http://w3id.org/lindt/custom_datatypes#"
ondc,"http://www.semanticweb.org/ontologies/2012/1/Ontology1329913965202.owl#"
dwciri,"http://rs.tdwg.org/dwc/iri/"
pbody,"http://reference.data.gov.uk/def/public-body/"
provoc,"http://ns.inria.fr/provoc/"
dpn,"http://purl.org/dpn#"
dataid,"http://dataid.dbpedia.org/ns/core#"
saref,"http://ontology.tno.nl/saref#"
sdt,"http://statisticaldata.linkedwidgets.org/terms/"
leak,"http://data.ontotext.com/resource/leak/"
system,"http://www.univalle.edu.co/ontologies/System#"
mmoon,"http://mmoon.org/mmoon/"
maeco,"http://edg.topbraid.solutions/maeco/"
sorg,"http://schema.org/"
sgg,"http://name.scigraph.com/graphs/"
organ,"http://www.univalle.edu.co/ontologies/Organ#"
mmm,"http://www.mico-project.eu/ns/mmm/2.0/schema#"
scco,"http://rdf.ebi.ac.uk/terms/surechembl#"
tissue,"http://www.univalle.edu.co/ontologies/Tissue#"
isidore,"http://www.rechercheisidore.fr/class/"
vort,"http://rockets.topbraid.solutions/vort/"
datacite,"http://purl.org/spar/datacite/"
wde,"http://www.wikidata.org/entity/"
sdterms,"http://statisticaldata.linkedwidgets.org/terms/"
mdi,"http://w3id.org/multidimensional-interface/ontology#"
theme,"http://voc.odw.tw/theme/"
meshv,"http://id.nlm.nih.gov/mesh/vocab#"
dpla,"http://dp.la/info/developers/map/"
literal,"http://www.essepuntato.it/2010/06/literalreification/"
mod,"http://www.isibang.ac.in/ns/mod#"
dcodata,"http://info.deepcarbon.net/data/schema#"
wdv,"http://www.wikidata.org/value/"
ecowlim,"http://ecowlim.tfri.gov.tw/lode/resource/"
llr,"http://lodlaundromat.org/resource/"
spv,"http://completeness.inf.unibz.it/sp-vocab#"
ipsv,"http://id.esd.org.uk/list/"
prohow,"https://w3id.org/prohow#"
lsq,"http://lsq.aksw.org/vocab#"
wail,"http://www.eyrie.org/~zednenem/2002/wail/"
vam,"http://www.metmuseum.org/"
ws,"http://www.w3.org/ns/pim/space#"
rdaar,"http://rdaregistry.info/termList/AspectRatio/"
merge,"http://jazz.net/ns/lqe/merge/"
voidex,"http://www.swi-prolog.org/rdf/library/"
iana,"http://www.iana.org/assignments/relation/"
duv,"http://www.w3.org/ns/duv#"
eccpubsub,"https://vocab.eccenca.com/pubsub/"
rdacdt,"http://rdaregistry.info/termList/RDACartoDT/"
tgm,"http://id.loc.gov/vocabulary/graphicMaterials/"
rdaterm,"http://rdaregistry.info/termList/RDATerms/"
rdabs,"http://rdaregistry.info/termList/broadcastStand/"
or,"http://openresearch.org/vocab/"
neotecbib,"http://neotec.rc.unesp.br/resource/NeotectonicsBibliography/"
rdacarx,"http://rdaregistry.info/termList/RDACarrierEU/"
ensembl,"http://rdf.ebi.ac.uk/resource/ensembl/"
snac,"http://socialarchive.iath.virginia.edu/"
rdacpc,"http://rdaregistry.info/termList/configPlayback/"
biml,"http://schemas.varigence.com/biml.xsd#"
esproc,"http://vocab.linkeddata.es/datosabiertos/def/sector-publico/procedimientos#"
vsearch,"http://vocab.sti2.at/vsearch#"
rdagen,"http://rdaregistry.info/termList/RDAGeneration/"
ecoll,"http://purl.org/ceu/eco/1.0#"
wab,"http://wab.uib.no/cost-a32_philospace/wittgenstein.owl#"
rdaft,"http://rdaregistry.info/termList/fileType/"
eame,"http://www.semanticweb.org/ontologia_EA#"
ppr,"http://purl.org/datanode/ppr/ns/"
bioc,"http://deductions.github.io/biological-collections.owl.ttl#"
rdaill,"http://rdaregistry.info/termList/IllusContent/"
art,"http://w3id.org/art/terms/1.0/"
studiop,"http://purl.org/resource/pilatesstudio/"
rdalay,"http://rdaregistry.info/termList/layout/"
rdfsharp,"https://rdfsharp.codeplex.com/"
dcatapit,"http://dati.gov.it/onto/dcatapit#"
rdapf,"http://rdaregistry.info/termList/presFormat/"
rdapm,"http://rdaregistry.info/termList/RDAproductionMethod/"
dcap,"http://purl.org/ws-mmi-dc/terms/"
cpack,"http://cliopatria.swi-prolog.org/schema/cpack#"
webac,"http://fedora.info/definitions/v4/webac#"
rdfp,"https://w3id.org/rdfp/"
pcdm,"http://pcdm.org/models#"
soch,"http://kulturarvsdata.se/ksamsok#"
obeu,"http://data.openbudgets.eu/ontology/"
rdavf,"http://rdaregistry.info/termList/videoFormat/"
semiot,"http://w3id.org/semiot/ontologies/semiot#"
ontop,"https://w3id.org/ontop/"
bblfish,"http://bblfish.net/people/henry/card#"
rdaspc,"http://rdaregistry.info/termList/specPlayback/"
